set_num,url,vector
1,/sports/mvball/2017-18/boxscores/20180112_1ei7.xml,"[-2.6, -4.8, -5.0, -4.4, -4.6, -4.4, -4.6, -3.6, -3.5, -2.0]"
2,/sports/mvball/2017-18/boxscores/20180112_1ei7.xml,"[-0.6, -0.8, 3.0, 5.2, 4.6, 2.8, 1.8, 0.5, -1.0, -2.5]"
3,/sports/mvball/2017-18/boxscores/20180112_1ei7.xml,"[-2.0, -2.0, -3.5, -4.5, -5.5, -5.5, -7.0, -8.0, -9.0, -9.5]"
1,/sports/mvball/2017-18/boxscores/20180113_d449.xml,"[-1.5, -3.0, -5.5, -8.0, -8.0, -9.0, -9.0, -12.0, -11.5, -10.0]"
2,/sports/mvball/2017-18/boxscores/20180113_d449.xml,"[-1.4, -3.2, -4.6, -6.4, -6.6, -6.8, -7.4, -6.5, -4.5, -3.0]"
3,/sports/mvball/2017-18/boxscores/20180113_d449.xml,"[1.0, 0.4, 1.8, 4.8, 4.2, 3.2, 1.4, 1.0, 1.5, 0.0]"
1,/sports/mvball/2017-18/boxscores/20180113_b60t.xml,"[-0.2, -1.6, -3.0, -4.0, -1.0, -1.5, -2.5, -4.5, -4.0, -6.0]"
2,/sports/mvball/2017-18/boxscores/20180113_b60t.xml,"[-1.8, -4.0, -3.8, -4.0, -1.5, -1.5, -3.0, -4.5, -4.0, -4.5]"
3,/sports/mvball/2017-18/boxscores/20180113_b60t.xml,"[-2.2, -2.0, -2.6, -2.8, -5.4, -6.4, -6.6, -5.6, -2.6, 0.4]"
4,/sports/mvball/2017-18/boxscores/20180113_b60t.xml,"[-0.2, 1.6, 3.8, 2.4, 3.4, 4.4, 5.5, 6.0, 5.0, 2.5]"
5,/sports/mvball/2017-18/boxscores/20180113_b60t.xml,"[-2.0, -2.0, -1.3333333333333333, -0.3333333333333333, -0.6666666666666666, -1.0, 0.6666666666666666, -0.3333333333333333, -0.6666666666666666, -1.0]"
1,/sports/mvball/2017-18/boxscores/20180120_5u3i.xml,"[0.6, 2.8, 1.4, 0.4, 1.8, 2.0, 2.6, 2.4, 0.0, -0.5]"
2,/sports/mvball/2017-18/boxscores/20180120_5u3i.xml,"[1.8, 4.4, 7.8, 8.0, 6.5, 5.5, 6.5, 6.5, 4.5, 6.5]"
3,/sports/mvball/2017-18/boxscores/20180120_5u3i.xml,"[-0.2, 1.6, 3.4, 2.0, 1.4, 1.2, 1.4, 0.8, -2.0, -1.5]"
4,/sports/mvball/2017-18/boxscores/20180120_5u3i.xml,"[-2.2, -1.6, 0.0, 2.0, 3.0, 2.5, 5.5, 7.0, 6.5, 6.5]"
5,/sports/mvball/2017-18/boxscores/20180120_5u3i.xml,"[-0.6666666666666666, 0.3333333333333333, -0.6666666666666666, -0.3333333333333333, -0.6666666666666666, 0.3333333333333333, 0.5, 0.5, -1.5, -3.5]"
1,/sports/mvball/2017-18/boxscores/20180120_yoh9.xml,"[1.5, 1.5, 3.5, 3.5, 6.5, 9.5, 12.0, 11.0, 11.0, 12.0]"
2,/sports/mvball/2017-18/boxscores/20180120_yoh9.xml,"[-0.5, 1.0, 0.5, 3.0, 4.5, 6.0, 8.0, 7.5, 9.333333333333334, 11.0]"
3,/sports/mvball/2017-18/boxscores/20180120_yoh9.xml,"[0.2, 1.6, 3.5, 3.5, 5.0, 5.0, 6.0, 7.0, 6.5, 7.0]"
1,/sports/mvball/2017-18/boxscores/20180124_j5nq.xml,"[2.2, 1.6, 0.6, 1.0, 0.0, -1.0, -3.0, -3.0, -4.5, -6.5]"
2,/sports/mvball/2017-18/boxscores/20180124_j5nq.xml,"[1.0, 0.8, 1.0, 0.8, -1.0, -0.8, 2.0, -0.5, -4.0, -3.5]"
3,/sports/mvball/2017-18/boxscores/20180124_j5nq.xml,"[1.4, 0.8, -0.6, 0.4, 2.6, 0.8, 0.2, 0.8, 1.0, 0.8]"
4,/sports/mvball/2017-18/boxscores/20180124_j5nq.xml,"[0.2, 1.2, 1.0, 2.0, 1.4, 3.6, 3.4, 3.0, 1.5, 2.5]"
5,/sports/mvball/2017-18/boxscores/20180124_j5nq.xml,"[0.0, 1.0, 3.3333333333333335, 3.0, 3.3333333333333335, 2.5, 2.5, 2.5, 4.5, 4.5]"
1,/sports/mvball/2017-18/boxscores/20180127_ewy8.xml,"[-1.0, -2.0, -1.8, -3.2, -3.4, -5.6, -5.8, -5.0, -3.0, -2.5]"
2,/sports/mvball/2017-18/boxscores/20180127_ewy8.xml,"[-0.2, -2.8, -2.6, -1.6, -2.6, -2.4, -1.0, -3.0, -1.5, -2.0]"
3,/sports/mvball/2017-18/boxscores/20180127_ewy8.xml,"[0.2, 0.8, -0.6, -0.8, 0.2, 0.4, 0.6, -1.0, 1.5, 3.0]"
4,/sports/mvball/2017-18/boxscores/20180127_ewy8.xml,"[0.2, 0.0, -0.2, 1.6, 3.0, 2.5, 3.0, 3.5, 4.5, 5.5]"
5,/sports/mvball/2017-18/boxscores/20180127_ewy8.xml,"[0.0, 1.0, 0.6666666666666666, 1.0, 3.5, 5.5, 4.5, 5.5, 6.5, 5.5]"
1,/sports/mvball/2017-18/boxscores/20180127_jush.xml,"[-1.0, -1.2, -1.8, -2.0, -2.2, -3.6, -5.4, -6.5, -6.0, -3.0]"
2,/sports/mvball/2017-18/boxscores/20180127_jush.xml,"[-0.6, 0.0, 1.8, 1.2, 2.6, 2.8, 3.0, 2.4, 1.5, 1.0]"
3,/sports/mvball/2017-18/boxscores/20180127_jush.xml,"[-1.8, -3.2, -3.4, -5.6, -4.5, -5.0, -4.0, -4.5, -6.0, -5.5]"
1,/sports/mvball/2017-18/boxscores/20180202_mtba.xml,"[1.0, 1.6, 0.2, 1.2, 0.2, -1.6, -2.5, -3.0, -3.5, -3.0]"
2,/sports/mvball/2017-18/boxscores/20180202_mtba.xml,"[0.2, 0.0, 0.2, 0.8, -0.6, 0.0, -0.6, -0.4, 0.0, -1.0]"
3,/sports/mvball/2017-18/boxscores/20180202_mtba.xml,"[-0.6, 2.6, 1.6, 2.2, 1.6, -0.2, -1.0, -0.5, -2.0, -2.0]"
1,/sports/mvball/2017-18/boxscores/20180202_0ap1.xml,"[-0.3333333333333333, -1.3333333333333333, -1.8888888888888888, -2.2222222222222223, 0.5555555555555556, 0.2222222222222222, 0.0, 0.25, 0.0, -0.25]"
2,/sports/mvball/2017-18/boxscores/20180202_0ap1.xml,"[-0.2, 1.2, 1.8, 1.6, 0.5, -0.5, -2.0, -2.5, -4.0, -5.5]"
3,/sports/mvball/2017-18/boxscores/20180202_0ap1.xml,"[-1.0, -2.0, 1.8, 4.4, 2.6, 1.6, -0.2, -1.6, -0.6, 0.8]"
4,/sports/mvball/2017-18/boxscores/20180202_0ap1.xml,"[-1.8, -1.2, -1.8, -2.4, -2.2, -2.0, -3.5, -2.0, -4.0, -4.5]"
1,/sports/mvball/2017-18/boxscores/20180210_29pk.xml,"[0.2, -2.4, -2.6, -1.6, 1.5, 2.5, 3.5, 3.25, 2.5, 4.0]"
2,/sports/mvball/2017-18/boxscores/20180210_29pk.xml,"[-0.6, 0.0, -1.0, 0.0, 2.5, 5.5, 7.0, 6.5, 6.5, 6.5]"
3,/sports/mvball/2017-18/boxscores/20180210_29pk.xml,"[0.6, 1.2, 2.6, 5.6, 5.8, 7.6, 5.8, 2.4, 1.5, 0.5]"
4,/sports/mvball/2017-18/boxscores/20180210_29pk.xml,"[1.0, 4.0, 6.2, 4.0, 4.2, 2.0, -0.2, 3.0, 1.5, 2.5]"
1,/sports/mvball/tournament/boxscores/20180210_29pk.xml,"[0.2, -2.4, -2.6, -1.6, 1.5, 2.5, 3.5, 3.25, 2.5, 4.0]"
2,/sports/mvball/tournament/boxscores/20180210_29pk.xml,"[-0.6, 0.0, -1.0, 0.0, 2.5, 5.5, 7.0, 6.5, 6.5, 6.5]"
3,/sports/mvball/tournament/boxscores/20180210_29pk.xml,"[0.6, 1.2, 2.6, 5.6, 5.8, 7.6, 5.8, 2.4, 1.5, 0.5]"
4,/sports/mvball/tournament/boxscores/20180210_29pk.xml,"[1.0, 4.0, 6.2, 4.0, 4.2, 2.0, -0.2, 3.0, 1.5, 2.5]"
1,/sports/mvball/2017-18/boxscores/20180210_joqy.xml,"[-0.5, 1.5, 2.5, 5.5, 6.0, 6.5, 9.0, 10.0, 9.5, 10.0]"
2,/sports/mvball/2017-18/boxscores/20180210_joqy.xml,"[1.4, 0.5, -1.0, 1.5, 5.5, 6.0, 7.5, 9.0, 8.5, 9.0]"
3,/sports/mvball/2017-18/boxscores/20180210_joqy.xml,"[0.2, 2.8, 2.5, 2.0, 3.0, 2.5, 3.5, 6.5, 8.5, 7.5]"
1,/sports/mvball/tournament/boxscores/20180210_joqy.xml,"[-0.5, 1.5, 2.5, 5.5, 6.0, 6.5, 9.0, 10.0, 9.5, 10.0]"
2,/sports/mvball/tournament/boxscores/20180210_joqy.xml,"[1.4, 0.5, -1.0, 1.5, 5.5, 6.0, 7.5, 9.0, 8.5, 9.0]"
3,/sports/mvball/tournament/boxscores/20180210_joqy.xml,"[0.2, 2.8, 2.5, 2.0, 3.0, 2.5, 3.5, 6.5, 8.5, 7.5]"
1,/sports/mvball/2017-18/boxscores/20180214_71fb.xml,"[-0.2, -1.2, -2.2, -2.4, -3.4, -2.5, -3.0, -2.5, -3.5, -4.0]"
2,/sports/mvball/2017-18/boxscores/20180214_71fb.xml,"[-0.2, 0.8, -2.2, -4.0, -3.4, -4.0, -4.5, -4.5, -4.5, -3.5]"
3,/sports/mvball/2017-18/boxscores/20180214_71fb.xml,"[0.2, 2.0, 2.2, 2.0, 4.6, 3.2, 3.0, 1.6, 0.6, 0.8]"
4,/sports/mvball/2017-18/boxscores/20180214_71fb.xml,"[0.6, -0.4, -1.4, -1.2, -1.4, 0.0, -0.5, -1.5, -3.0, -4.5]"
1,/sports/mvball/2017-18/boxscores/20180217_uw3q.xml,"[-2.2, -5.6, -3.8, -5.2, -6.2, -6.0, -6.5, -5.0, -5.0, -5.0]"
2,/sports/mvball/2017-18/boxscores/20180217_uw3q.xml,"[-1.4, 0.0, -0.6, -3.0, -4.5, -3.0, -5.5, -6.0, -5.5, -6.0]"
3,/sports/mvball/2017-18/boxscores/20180217_uw3q.xml,"[0.2, 0.8, 0.2, -1.6, -2.6, -2.5, -3.5, -2.0, -2.5, -4.0]"
1,/sports/mvball/tournament/boxscores/20180217_uw3q.xml,"[-2.2, -5.6, -3.8, -5.2, -6.2, -6.0, -6.5, -5.0, -5.0, -5.0]"
2,/sports/mvball/tournament/boxscores/20180217_uw3q.xml,"[-1.4, 0.0, -0.6, -3.0, -4.5, -3.0, -5.5, -6.0, -5.5, -6.0]"
3,/sports/mvball/tournament/boxscores/20180217_uw3q.xml,"[0.2, 0.8, 0.2, -1.6, -2.6, -2.5, -3.5, -2.0, -2.5, -4.0]"
1,/sports/mvball/2017-18/boxscores/20180217_x1d6.xml,"[1.5, 4.5, 5.5, 8.5, 10.5, 12.5, 13.333333333333334, 13.666666666666666, 14.0, 13.666666666666666]"
2,/sports/mvball/2017-18/boxscores/20180217_x1d6.xml,"[0.2, 0.0, -0.5, 0.5, 3.0, 4.0, 5.5, 5.5, 7.5, 7.0]"
3,/sports/mvball/2017-18/boxscores/20180217_x1d6.xml,"[-1.0, 0.4, 2.2, 1.6, 1.0, -1.6, -0.5, 1.5, 2.0, 3.5]"
1,/sports/mvball/tournament/boxscores/20180217_x1d6.xml,"[1.5, 4.5, 5.5, 8.5, 10.5, 12.5, 13.333333333333334, 13.666666666666666, 14.0, 13.666666666666666]"
2,/sports/mvball/tournament/boxscores/20180217_x1d6.xml,"[0.2, 0.0, -0.5, 0.5, 3.0, 4.0, 5.5, 5.5, 7.5, 7.0]"
3,/sports/mvball/tournament/boxscores/20180217_x1d6.xml,"[-1.0, 0.4, 2.2, 1.6, 1.0, -1.6, -0.5, 1.5, 2.0, 3.5]"
1,/sports/mvball/2017-18/boxscores/20180223_jku3.xml,"[-0.6, -3.2, -4.2, -5.2, -2.6, -2.8, -0.2, -2.8, -3.0, -1.0]"
2,/sports/mvball/2017-18/boxscores/20180223_jku3.xml,"[-2.2, -3.2, -4.6, -3.2, -3.8, -3.6, -2.6, 0.0, 0.0, 0.5]"
3,/sports/mvball/2017-18/boxscores/20180223_jku3.xml,"[-2.6, -4.0, -5.4, -3.2, -5.0, -4.0, -2.0, -2.5, -3.5, -4.5]"
4,/sports/mvball/2017-18/boxscores/20180223_jku3.xml,"[-0.6, -2.0, -0.6, 0.0, 1.0, 1.0, 2.0, 4.5, 4.0, 5.0]"
5,/sports/mvball/2017-18/boxscores/20180223_jku3.xml,"[-0.6666666666666666, -2.3333333333333335, -2.0, -1.0, 2.0, 2.3333333333333335, 2.0, 1.0, 1.5, 1.5]"
1,/sports/mvball/2017-18/boxscores/20180224_lnos.xml,"[0.2, 0.4, 1.0, 1.6, -0.2, -1.2, 1.4, 2.0, -0.2, -0.4]"
2,/sports/mvball/2017-18/boxscores/20180224_lnos.xml,"[-0.2, -4.0, -4.2, -1.6, -3.0, -2.5, 0.25, 2.0, -2.0, -2.5]"
3,/sports/mvball/2017-18/boxscores/20180224_lnos.xml,"[1.0, 2.8, 4.0, 4.5, 4.5, 6.5, 6.0, 7.5, 8.0, 7.5]"
4,/sports/mvball/2017-18/boxscores/20180224_lnos.xml,"[0.5, 2.5, 3.5, 5.0, 4.5, 5.5, 5.0, 5.0, 7.0, 8.0]"
5,/sports/mvball/2017-18/boxscores/20180224_lnos.xml,"[-0.6666666666666666, -3.0, -3.3333333333333335, -3.6666666666666665, -2.6666666666666665, -3.6666666666666665, -4.5, -3.5, -3.5, -3.5]"
1,/sports/mvball/2017-18/boxscores/20180224_vh33.xml,"[-0.6, -0.4, -2.6, -4.6, -4.0, -4.2, -1.6, -1.4, -1.6, -1.0]"
2,/sports/mvball/2017-18/boxscores/20180224_vh33.xml,"[-2.0, -1.0, -2.0, -3.5, -5.0, -7.0, -7.5, -8.0, -7.5, -10.0]"
3,/sports/mvball/2017-18/boxscores/20180224_vh33.xml,"[0.2, 2.0, 0.2, -2.8, -5.0, -4.5, -4.5, -4.5, -4.5, -5.5]"
1,/sports/mvball/2017-18/boxscores/20180228_3zsv.xml,"[1.8, 1.6, -0.6, -2.0, -2.6, -3.0, -2.5, -2.0, -4.5, -4.5]"
2,/sports/mvball/2017-18/boxscores/20180228_3zsv.xml,"[-0.6, -0.4, -0.6, 0.0, -0.6, 0.4, 1.4, 0.4, 0.5, 1.5]"
3,/sports/mvball/2017-18/boxscores/20180228_3zsv.xml,"[-0.6, -0.8, 1.4, 1.5, 1.5, -1.0, -2.5, -4.5, -5.0, -6.0]"
4,/sports/mvball/2017-18/boxscores/20180228_3zsv.xml,"[-1.4, -2.8, -2.6, -3.2, 0.2, -1.2, 0.2, 1.5, 1.5, 2.5]"
5,/sports/mvball/2017-18/boxscores/20180228_3zsv.xml,"[-0.6666666666666666, -1.6666666666666667, -3.3333333333333335, -3.0, -2.5, -2.5, -2.5, -2.5, -3.5, -5.5]"
1,/sports/mvball/2017-18/boxscores/20180302_t25b.xml,"[0.5, -1.5, -2.0, -1.0, -2.5, -5.5, -8.0, -8.5, -8.5, -8.5]"
2,/sports/mvball/2017-18/boxscores/20180302_t25b.xml,"[-1.0, 0.8, -0.5, -3.0, -4.0, -3.5, -6.5, -7.5, -5.5, -7.5]"
3,/sports/mvball/2017-18/boxscores/20180302_t25b.xml,"[-0.2, 0.0, 1.0, 1.6, 1.4, 0.4, -0.2, -1.6, 0.5, 2.0]"
4,/sports/mvball/2017-18/boxscores/20180302_t25b.xml,"[0.2, -0.4, -0.6, -0.4, -1.0, -0.4, 1.0, -0.5, -1.0, -3.5]"
1,/sports/mvball/2017-18/boxscores/20180307_yrnj.xml,"[-1.0, -2.25, -3.5, -3.5, -5.5, -6.5, -5.0, -6.5, -6.5, -9.0]"
2,/sports/mvball/2017-18/boxscores/20180307_yrnj.xml,"[1.0, 1.5, 3.5, 2.0, 1.0, 2.0, 2.5, 4.5, 6.0, 7.0]"
3,/sports/mvball/2017-18/boxscores/20180307_yrnj.xml,"[0.8333333333333334, 2.1666666666666665, -1.5, -1.1666666666666667, -0.8333333333333334, 0.16666666666666666, 1.8, 1.6, 0.2, -0.4]"
4,/sports/mvball/2017-18/boxscores/20180307_yrnj.xml,"[0.2, -1.2, -0.6, 0.4, -0.2, -1.6, 0.0, -1.0, -3.5, -4.0]"
1,/sports/mvball/2017-18/boxscores/20180309_zubr.xml,"[0.5, 1.0, 2.0, 4.0, 6.5, 7.0, 9.5, 8.0, 8.0, 9.0]"
2,/sports/mvball/2017-18/boxscores/20180309_zubr.xml,"[-1.8, -4.4, -2.2, -0.5, 2.5, 3.5, 3.5, 4.5, 6.0, 6.5]"
3,/sports/mvball/2017-18/boxscores/20180309_zubr.xml,"[1.8, 3.2, 4.5, 4.0, 3.0, 4.0, 5.5, 6.0, 6.5, 7.0]"
1,/sports/mvball/2017-18/boxscores/20180310_tufa.xml,"[-1.8, -1.6, -2.0, -4.5, -5.5, -6.0, -5.5, -7.5, -7.5, -7.5]"
2,/sports/mvball/2017-18/boxscores/20180310_tufa.xml,"[1.0, 1.5, -1.5, -2.0, -4.0, -6.5, -7.0, -5.0, -6.0, -8.5]"
3,/sports/mvball/2017-18/boxscores/20180310_tufa.xml,"[0.2, -0.8, -4.5, -6.0, -6.5, -6.0, -4.0, -4.5, -6.5, -7.5]"
1,/sports/mvball/tournament/boxscores/20180310_tufa.xml,"[-1.8, -1.6, -2.0, -4.5, -5.5, -6.0, -5.5, -7.5, -7.5, -7.5]"
2,/sports/mvball/tournament/boxscores/20180310_tufa.xml,"[1.0, 1.5, -1.5, -2.0, -4.0, -6.5, -7.0, -5.0, -6.0, -8.5]"
3,/sports/mvball/tournament/boxscores/20180310_tufa.xml,"[0.2, -0.8, -4.5, -6.0, -6.5, -6.0, -4.0, -4.5, -6.5, -7.5]"
1,/sports/mvball/2017-18/boxscores/20180321_xha8.xml,"[2.2, 3.6, 3.4, 4.8, 7.8, 6.5, 7.0, 8.0, 6.5, 5.0]"
2,/sports/mvball/2017-18/boxscores/20180321_xha8.xml,"[-0.2, 1.2, 4.2, 6.0, 4.5, 3.5, 4.0, 4.0, 4.5, 5.5]"
3,/sports/mvball/2017-18/boxscores/20180321_xha8.xml,"[2.6, 1.6, 1.8, 0.5, 1.0, 1.5, 2.5, 3.5, 5.0, 6.5]"
1,/sports/mvball/2017-18/boxscores/20180323_wj45.xml,"[1.4, -0.4, -0.2, -2.0, -2.6, -5.0, -4.0, -4.5, -3.5, -4.0]"
2,/sports/mvball/2017-18/boxscores/20180323_wj45.xml,"[1.8, 2.8, 3.0, 2.5, 4.0, 4.5, 7.0, 7.5, 6.5, 7.0]"
3,/sports/mvball/2017-18/boxscores/20180323_wj45.xml,"[0.5, 1.5, 0.5, 2.5, 6.0, 6.5, 5.0, 7.0, 9.5, 10.666666666666666]"
4,/sports/mvball/2017-18/boxscores/20180323_wj45.xml,"[-1.0, -1.2, -2.6, -1.6, -2.2, -3.6, -0.6, 1.5, 0.5, 0.75]"
1,/sports/mvball/2017-18/boxscores/20180329_kwt3.xml,"[0.6, 2.4, 2.0, 2.0, 2.5, 4.0, 4.0, 3.5, 5.0, 7.0]"
2,/sports/mvball/2017-18/boxscores/20180329_kwt3.xml,"[-0.2, 0.4, -1.4, -2.0, -5.0, -5.6, -4.2, -4.0, -3.0, -3.0]"
3,/sports/mvball/2017-18/boxscores/20180329_kwt3.xml,"[2.0, 2.5, 2.0, 4.0, 4.0, 6.0, 7.0, 8.0, 9.0, 12.0]"
4,/sports/mvball/2017-18/boxscores/20180329_kwt3.xml,"[0.0, 2.5, 4.0, 4.5, 5.0, 8.0, 8.0, 8.5, 10.5, 9.5]"
1,/sports/mvball/2017-18/boxscores/20180330_1jja.xml,"[0.2, 2.5, 2.0, 4.5, 4.5, 4.5, 4.0, 4.5, 6.5, 8.0]"
2,/sports/mvball/2017-18/boxscores/20180330_1jja.xml,"[1.0, 2.0, 3.5, 4.0, 4.0, 5.5, 7.0, 7.5, 8.0, 9.0]"
3,/sports/mvball/2017-18/boxscores/20180330_1jja.xml,"[-1.4, -0.8, -1.8, -2.0, -2.2, -0.4, 0.0, 0.0, 0.5, 2.5]"
1,/sports/mvball/2017-18/boxscores/20180331_eo9c.xml,"[-0.8571428571428571, -1.0, 0.16666666666666666, -1.8333333333333333, -2.1666666666666665, -0.5, 0.5, 0.16666666666666666, -0.16666666666666666, -0.8333333333333334]"
2,/sports/mvball/2017-18/boxscores/20180331_eo9c.xml,"[0.2, 1.5, 3.0, 2.5, 5.0, 6.0, 4.5, 4.5, 7.0, 8.0]"
3,/sports/mvball/2017-18/boxscores/20180331_eo9c.xml,"[1.0, 0.0, 1.0, 0.8, 3.0, 3.6, 3.0, 4.0, 3.5, 2.0]"
4,/sports/mvball/2017-18/boxscores/20180331_eo9c.xml,"[0.2, -0.8, -0.2, -2.4, -3.4, -3.2, -3.5, -3.5, -4.5, -3.5]"
5,/sports/mvball/2017-18/boxscores/20180331_eo9c.xml,"[0.0, 0.0, -0.5, 0.0, 0.5, -1.5, -1.0, 0.5, -0.5, 1.0]"
1,/sports/mvball/2017-18/boxscores/20180331_stsy.xml,"[-0.2, 0.0, 1.8, 2.8, 3.4, 1.6, 1.8, 0.0, 0.5, -1.0]"
2,/sports/mvball/2017-18/boxscores/20180331_stsy.xml,"[-0.2, -0.4, 0.6, -0.4, -1.0, -0.5, -2.0, -3.0, -6.0, -6.0]"
3,/sports/mvball/2017-18/boxscores/20180331_stsy.xml,"[-2.2, -2.4, -3.4, -2.0, -1.0, -2.0, -3.5, -3.5, -3.0, -3.5]"
1,/sports/mvball/2016-17/boxscores/20170115_gv62.xml,"[0.6, 0.4, 2.8, 5.8, 6.4, 4.0, 3.5, 4.0, 4.0, 5.0]"
2,/sports/mvball/2016-17/boxscores/20170115_gv62.xml,"[-0.6, -1.6, -0.6, 0.8, 1.8, 3.2, 3.5, 5.0, 5.0, 4.0]"
3,/sports/mvball/2016-17/boxscores/20170115_gv62.xml,"[-2.6, -4.0, -4.6, -3.6, -3.0, -0.5, 3.0, 2.5, 2.0, 3.5]"
1,/sports/mvball/2016-17/boxscores/20170115_cpum.xml,"[-1.5, -4.0, -3.0, -3.5, -5.5, -5.0, -7.5, -7.5, -10.0, -9.5]"
2,/sports/mvball/2016-17/boxscores/20170115_cpum.xml,"[0.2, -0.4, -1.0, 0.0, 3.0, 1.2, -2.5, -3.0, -3.5, -3.5]"
3,/sports/mvball/2016-17/boxscores/20170115_cpum.xml,"[0.16666666666666666, -1.5, -1.0, -2.0, -2.2, -4.4, -3.8, -2.4, -1.0, -0.8]"
1,/sports/mvball/2016-17/boxscores/20170119_600o.xml,"[-1.0, -5.2, -6.6, -6.8, -5.8, -8.0, -6.0, -9.0, -6.5, -4.5]"
2,/sports/mvball/2016-17/boxscores/20170119_600o.xml,"[0.5, 0.5, -1.0, -2.5, -4.5, -4.5, -4.5, -6.5, -9.0, -10.0]"
3,/sports/mvball/2016-17/boxscores/20170119_600o.xml,"[-1.75, -3.5, -2.0, -1.0, -1.0, -2.0, -3.0, -2.5, -4.0, -7.5]"
1,/sports/mvball/2016-17/boxscores/20170125_t6o1.xml,"[-0.5, -4.5, -8.0, -11.0, -13.333333333333334, -13.666666666666666, -14.0, -15.0, -16.666666666666668, -17.0]"
2,/sports/mvball/2016-17/boxscores/20170125_t6o1.xml,"[-1.8, -0.5, -0.5, -1.5, -2.0, -2.5, -5.5, -7.5, -8.5, -8.5]"
3,/sports/mvball/2016-17/boxscores/20170125_t6o1.xml,"[-1.0, -4.0, -4.5, -6.5, -8.0, -10.5, -11.5, -10.5, -11.5, -10.0]"
1,/sports/mvball/2016-17/boxscores/20170128_wfeq.xml,"[0.6, 1.0, -1.5, -4.0, -5.0, -5.5, -7.5, -7.0, -8.5, -8.5]"
2,/sports/mvball/2016-17/boxscores/20170128_wfeq.xml,"[-0.6, -3.2, -3.0, -3.2, -3.0, -3.2, -2.5, -2.5, -2.5, -3.5]"
3,/sports/mvball/2016-17/boxscores/20170128_wfeq.xml,"[0.6, 0.0, 0.6, -0.5, -2.0, -2.5, -4.0, -4.5, -6.5, -7.0]"
1,/sports/mvball/2016-17/boxscores/20170128_c6ax.xml,"[-0.2, 0.4, 0.0, 2.0, 0.5, 0.5, 0.5, -2.5, -5.0, -6.5]"
2,/sports/mvball/2016-17/boxscores/20170128_c6ax.xml,"[0.2, 0.5, -1.5, -2.5, -2.5, -3.0, -5.5, -6.5, -8.0, -8.5]"
3,/sports/mvball/2016-17/boxscores/20170128_c6ax.xml,"[-1.0, -4.5, -5.0, -7.5, -8.5, -11.5, -12.0, -13.666666666666666, -12.666666666666666, -13.666666666666666]"
1,/sports/mvball/2016-17/boxscores/20170202_kp7u.xml,"[1.0, 2.0, 3.8, 3.5, 4.0, 4.5, 5.0, 6.0, 6.5, 6.5]"
2,/sports/mvball/2016-17/boxscores/20170202_kp7u.xml,"[-1.8, -1.2, 0.2, 0.4, 1.0, -0.4, 0.6, 0.8, 1.0, 1.0]"
3,/sports/mvball/2016-17/boxscores/20170202_kp7u.xml,"[-0.6, 0.0, -0.6, -0.5, 1.5, 3.5, 2.0, 3.5, 6.5, 6.0]"
1,/sports/mvball/2016-17/boxscores/20170204_b4ng.xml,"[-0.6, 0.4, 0.6, 0.4, 1.4, 1.6, 2.2, 0.4, 0.0, -1.5]"
2,/sports/mvball/2016-17/boxscores/20170204_b4ng.xml,"[-0.6, -2.0, -2.6, -4.8, -4.2, -4.8, -4.5, -5.5, -4.0, -3.5]"
3,/sports/mvball/2016-17/boxscores/20170204_b4ng.xml,"[-1.4, 0.0, 4.6, 6.0, 3.0, 1.6, 2.2, 1.2, 0.5, 1.5]"
4,/sports/mvball/2016-17/boxscores/20170204_b4ng.xml,"[-0.5, -3.1666666666666665, -4.2, -3.6, -2.6, -0.4, -1.0, -0.4, 1.4, 0.8]"
5,/sports/mvball/2016-17/boxscores/20170204_b4ng.xml,"[-2.0, -3.0, -2.0, 0.3333333333333333, -1.5, -1.5, -3.5, -3.5, -4.5, -5.5]"
1,/sports/mvball/2016-17/boxscores/20170204_uaa9.xml,"[-0.2, 1.2, 2.6, 4.4, 3.4, 1.6, -0.6, -3.0, -2.0, -2.0]"
2,/sports/mvball/2016-17/boxscores/20170204_uaa9.xml,"[-1.8, -2.8, -1.0, -2.8, -4.2, -3.6, -4.2, -3.2, -1.5, -1.0]"
3,/sports/mvball/2016-17/boxscores/20170204_uaa9.xml,"[-0.6, -0.8, -0.6, -3.6, -4.2, -2.4, -1.0, -4.0, -3.5, -3.0]"
1,/sports/mvball/2016-17/boxscores/20170207_ev69.xml,"[0.0, 0.5, 0.0, -1.0, -2.0, -3.5, -5.5, -5.0, -8.5, -9.5]"
2,/sports/mvball/2016-17/boxscores/20170207_ev69.xml,"[1.4, -0.4, 3.0, 5.5, 4.5, 2.0, 1.5, 2.0, 3.5, 6.5]"
3,/sports/mvball/2016-17/boxscores/20170207_ev69.xml,"[1.4, 2.4, 3.0, 1.5, -0.5, -2.0, -2.5, -5.5, -6.0, -6.0]"
4,/sports/mvball/2016-17/boxscores/20170207_ev69.xml,"[0.2, 1.2, 1.4, 2.0, 1.5, -1.5, -3.5, -3.0, -2.0, -3.5]"
1,/sports/mvball/2016-17/boxscores/20170210_hh5u.xml,"[-1.0, -2.8, -1.0, 0.8, -0.2, -0.4, -3.0, -2.5, -1.0, 1.5]"
2,/sports/mvball/2016-17/boxscores/20170210_hh5u.xml,"[-1.5, -2.5, -3.5, -4.0, -3.0, -5.0, -8.5, -10.666666666666666, -12.333333333333334, -12.666666666666666]"
3,/sports/mvball/2016-17/boxscores/20170210_hh5u.xml,"[-1.0, -1.2, -2.6, -3.0, -4.5, -4.0, -5.0, -6.5, -6.0, -6.0]"
4,/sports/mvball/2016-17/boxscores/20170210_hh5u.xml,"[1.0, 0.8, 2.0, 1.0, -0.5, 0.0, -2.0, -4.0, -4.5, -6.5]"
1,/sports/mvball/2016-17/boxscores/20170211_243x.xml,"[-3.0, -4.4, -2.0, -1.0, -0.5, -2.5, -3.5, -6.0, -7.5, -7.5]"
2,/sports/mvball/2016-17/boxscores/20170211_243x.xml,"[1.4, -0.8, -0.6, 0.4, -2.2, -3.6, 0.2, 0.5, -1.0, 1.5]"
3,/sports/mvball/2016-17/boxscores/20170211_243x.xml,"[-2.5, -2.5, -2.0, -3.0, -5.0, -5.0, -6.5, -8.0, -8.5, -10.0]"
4,/sports/mvball/2016-17/boxscores/20170211_243x.xml,"[-1.0, -3.0, -5.5, -7.0, -6.5, -5.5, -8.0, -7.5, -7.0, -8.5]"
1,/sports/mvball/2016-17/boxscores/20170211_6snw.xml,"[-1.0, -1.2, -1.4, -0.4, -1.8, -3.6, -4.6, -5.5, -4.5, -3.0]"
2,/sports/mvball/2016-17/boxscores/20170211_6snw.xml,"[0.2, -0.8, 1.0, 1.2, 2.6, 2.4, 1.8, 2.4, 2.0, 2.0]"
3,/sports/mvball/2016-17/boxscores/20170211_6snw.xml,"[-1.8, -0.8, 0.2, -0.8, -0.2, 0.8, -1.0, -2.4, -3.0, -1.5]"
4,/sports/mvball/2016-17/boxscores/20170211_6snw.xml,"[0.2857142857142857, 2.7142857142857144, 2.5, 2.1666666666666665, 1.8333333333333333, 0.5, 0.8333333333333334, -0.5, 0.5, 0.8333333333333334]"
5,/sports/mvball/2016-17/boxscores/20170211_6snw.xml,"[0.0, -1.0, -1.3333333333333333, -1.0, -2.0, -2.5, -2.5, -2.5, -2.5, -4.5]"
1,/sports/mvball/2016-17/boxscores/20170217_bmsl.xml,"[-1.0, 0.0, -2.0, -2.5, -5.0, -5.5, -6.5, -9.333333333333334, -9.666666666666666, -12.0]"
2,/sports/mvball/2016-17/boxscores/20170217_bmsl.xml,"[-0.6, -1.6, -4.2, -5.6, -6.2, -5.6, -3.8, -3.2, -1.0, -2.0]"
3,/sports/mvball/2016-17/boxscores/20170217_bmsl.xml,"[-2.6, -0.8, -1.0, -2.5, -4.5, -6.0, -6.0, -4.0, -6.5, -7.0]"
1,/sports/mvball/2016-17/boxscores/20170222_0usg.xml,"[0.6, 1.2, 1.8, 1.6, 0.2, 2.8, 2.0, 1.5, 1.0, 2.5]"
2,/sports/mvball/2016-17/boxscores/20170222_0usg.xml,"[3.0, 5.0, 6.5, 8.5, 9.0, 10.0, 11.5, 12.0, 10.0, 9.0]"
3,/sports/mvball/2016-17/boxscores/20170222_0usg.xml,"[1.4, 4.8, 4.2, 5.2, 4.5, 4.5, 5.5, 7.0, 7.0, 6.0]"
1,/sports/mvball/2016-17/boxscores/20170224_w845.xml,"[1.0, 1.2, 2.6, 5.0, 6.5, 7.5, 5.5, 6.5, 7.5, 6.5]"
2,/sports/mvball/2016-17/boxscores/20170224_w845.xml,"[1.0, 2.0, 1.0, 2.4, 2.6, 0.0, 0.0, -1.0, -2.0, -3.0]"
3,/sports/mvball/2016-17/boxscores/20170224_w845.xml,"[-0.6, -1.6, 0.2, 1.2, 1.4, -0.4, 0.0, 0.5, 2.0, 3.0]"
4,/sports/mvball/2016-17/boxscores/20170224_w845.xml,"[1.0, 1.6, 1.4, 1.6, 0.2, 1.2, -0.2, 1.2, 3.0, 0.0]"
5,/sports/mvball/2016-17/boxscores/20170224_w845.xml,"[-1.3333333333333333, -1.0, -1.3333333333333333, -0.3333333333333333, 1.3333333333333333, 1.6666666666666667, 1.3333333333333333, 2.5, 2.5, 2.5]"
1,/sports/mvball/2016-17/boxscores/20170225_i5z3.xml,"[-0.6, -1.6, -1.4, -0.4, -1.4, -2.5, -5.0, -7.0, -6.5, -5.0]"
2,/sports/mvball/2016-17/boxscores/20170225_i5z3.xml,"[-1.8, -3.2, -5.0, -4.0, -4.5, -4.5, -4.0, -4.5, -5.5, -6.5]"
3,/sports/mvball/2016-17/boxscores/20170225_i5z3.xml,"[-2.0, -2.2, -1.2, -0.2, 0.0, -1.5, 0.0, 0.0, -2.5, -3.0]"
1,/sports/mvball/2016-17/boxscores/20170225_a2ie.xml,"[-0.2, 0.4, -1.0, -4.5, -5.5, -5.5, -4.5, -6.0, -8.0, -7.0]"
2,/sports/mvball/2016-17/boxscores/20170225_a2ie.xml,"[-0.2, 2.0, 2.5, 1.0, 0.5, 0.5, -2.0, -4.0, -3.0, -6.5]"
3,/sports/mvball/2016-17/boxscores/20170225_a2ie.xml,"[1.4, 3.2, 4.6, 4.4, 5.4, 4.4, 2.2, 1.6, 2.0, 1.5]"
1,/sports/mvball/2016-17/boxscores/20170303_q51k.xml,"[-0.6, -1.2, -1.0, -0.4, -0.5, -1.0, 0.5, -0.5, -2.5, -4.5]"
2,/sports/mvball/2016-17/boxscores/20170303_q51k.xml,"[1.4, 0.0, -0.2, -2.8, -3.0, -2.8, -3.4, -2.4, -2.0, -2.0]"
3,/sports/mvball/2016-17/boxscores/20170303_q51k.xml,"[0.6, -0.8, 0.6, 1.2, -2.6, -3.5, -0.5, 0.5, 3.0, 4.5]"
4,/sports/mvball/2016-17/boxscores/20170303_q51k.xml,"[-0.2, 0.4, -1.4, -2.4, -2.5, -1.5, -4.0, -4.5, -3.5, -3.5]"
1,/sports/mvball/2016-17/boxscores/20170303_4lol.xml,"[-0.6, 0.4, 1.4, 0.0, -1.0, -1.6, -1.8, -2.0, -2.5, -2.5]"
2,/sports/mvball/2016-17/boxscores/20170303_4lol.xml,"[-0.2, 2.4, 2.2, 3.6, 3.4, 4.4, 3.0, 2.8, 0.0, -1.0]"
3,/sports/mvball/2016-17/boxscores/20170303_4lol.xml,"[-0.2, -0.8, -0.2, 0.0, -2.0, -2.0, -3.5, -4.0, -5.0, -6.0]"
1,/sports/mvball/2016-17/boxscores/20170310_5j2q.xml,"[1.0, 3.0, 5.0, 6.5, 8.0, 11.0, 11.333333333333334, 11.0, 13.333333333333334, 15.0]"
2,/sports/mvball/2016-17/boxscores/20170310_5j2q.xml,"[0.0, -1.5, -3.5, -2.5, 0.5, 4.5, 7.0, 7.0, 7.5, 9.0]"
3,/sports/mvball/2016-17/boxscores/20170310_5j2q.xml,"[1.0, 3.0, 5.0, 4.5, 8.0, 10.0, 11.5, 10.0, 10.333333333333334, 12.0]"
1,/sports/mvball/2016-17/boxscores/20170311_38c7.xml,"[2.0, 3.5, 5.5, 5.5, 8.5, 9.0, 9.5, 9.0, 11.0, 10.666666666666666]"
2,/sports/mvball/2016-17/boxscores/20170311_38c7.xml,"[0.2, 2.5, 1.5, 2.5, 5.0, 5.5, 4.0, 6.5, 8.0, 8.5]"
3,/sports/mvball/2016-17/boxscores/20170311_38c7.xml,"[0.5, 2.5, 6.0, 7.0, 8.666666666666666, 9.666666666666666, 10.0, 13.0, 14.0, 17.0]"
1,/sports/mvball/2016-17/boxscores/20170311_oirf.xml,"[-1.4, -2.0, -2.0, -5.0, -7.0, -8.5, -6.5, -6.0, -6.0, -7.5]"
2,/sports/mvball/2016-17/boxscores/20170311_oirf.xml,"[-0.6, -0.8, -1.8, -3.0, -4.5, -4.5, -4.0, -4.5, -6.0, -6.0]"
3,/sports/mvball/2016-17/boxscores/20170311_oirf.xml,"[0.6, 0.8, -2.2, -3.2, -5.0, -6.5, -8.0, -7.0, -5.0, -4.5]"
1,/sports/mvball/2016-17/boxscores/20170318_1urx.xml,"[0.5, -2.5, -5.5, -7.5, -9.333333333333334, -11.0, -12.666666666666666, -12.333333333333334, -13.333333333333334, -15.0]"
2,/sports/mvball/2016-17/boxscores/20170318_1urx.xml,"[0.2, 1.6, 2.6, 2.8, 2.6, 1.2, 2.6, 3.5, 2.0, -1.5]"
3,/sports/mvball/2016-17/boxscores/20170318_1urx.xml,"[-1.8, -3.2, -3.0, -3.5, -5.0, -5.5, -5.5, -6.5, -7.0, -7.0]"
1,/sports/mvball/2016-17/boxscores/20170323_tadb.xml,"[-0.6, 2.4, 3.0, 0.8, -1.5, -2.5, -3.5, -3.5, -4.0, -4.5]"
2,/sports/mvball/2016-17/boxscores/20170323_tadb.xml,"[-0.5, -1.0, -2.5, -5.5, -6.5, -10.0, -11.5, -11.0, -10.0, -9.5]"
3,/sports/mvball/2016-17/boxscores/20170323_tadb.xml,"[-0.6, 4.0, 6.2, 5.2, 1.8, 1.2, 2.2, 1.0, 1.5, -1.5]"
1,/sports/mvball/2016-17/boxscores/20170325_gu72.xml,"[-0.2, 0.0, 1.0, 1.2, 0.0, -1.5, -2.5, -2.0, -2.5, -5.0]"
2,/sports/mvball/2016-17/boxscores/20170325_gu72.xml,"[-0.8333333333333334, -2.8333333333333335, -2.6, -2.8, -2.6, -3.2, -1.0, -2.0, -1.4, -0.8]"
3,/sports/mvball/2016-17/boxscores/20170325_gu72.xml,"[0.5, -2.0, -0.5, 1.0, 0.0, -2.0, -4.5, -5.5, -8.0, -8.666666666666666]"
1,/sports/mvball/2016-17/boxscores/20170325_j9os.xml,"[-1.4, -1.6, -2.6, -3.2, -2.6, -0.4, -1.4, -0.4, 0.5, 0.5]"
2,/sports/mvball/2016-17/boxscores/20170325_j9os.xml,"[-0.6, -2.8, -3.8, -4.4, -5.0, -4.0, -3.0, -4.0, -2.0, -3.0]"
3,/sports/mvball/2016-17/boxscores/20170325_j9os.xml,"[-0.2, -0.4, -2.4, -1.0, -1.0, -3.0, -5.0, -5.5, -7.0, -6.0]"
4,/sports/mvball/2016-17/boxscores/20170325_j9os.xml,"[0.2, -1.6, -2.6, -5.5, -8.5, -8.5, -8.0, -7.0, -6.5, -6.5]"
1,/sports/mvball/2016-17/boxscores/20170401_i96b.xml,"[-1.8, -4.0, -4.5, -6.0, -5.0, -7.0, -7.0, -7.5, -8.5, -8.0]"
2,/sports/mvball/2016-17/boxscores/20170401_i96b.xml,"[0.6, 0.8, 1.4, -1.6, -2.6, -2.8, -2.2, -2.5, -2.0, -2.0]"
3,/sports/mvball/2016-17/boxscores/20170401_i96b.xml,"[-2.6, -2.4, -1.4, -2.4, -5.0, -5.0, -4.0, -3.5, -3.0, -5.0]"
1,/sports/mvball/2016-17/boxscores/20170401_omw0.xml,"[-2.2, -4.0, -2.5, -2.75, -3.0, -5.0, -6.0, -3.5, -5.0, -6.5]"
2,/sports/mvball/2016-17/boxscores/20170401_omw0.xml,"[0.6, 0.4, -2.6, -1.2, -0.2, -1.2, -2.5, -4.0, -5.0, -3.5]"
3,/sports/mvball/2016-17/boxscores/20170401_omw0.xml,"[-0.5, -3.5, -5.0, -5.5, -3.5, -4.5, -5.5, -8.5, -9.5, -9.5]"
1,/sports/mvball/2015-16/boxscores/20160115_8gri.xml,"[0.2, -1.5, -3.0, -5.0, -5.5, -7.5, -9.0, -9.5, -9.0, -9.0]"
2,/sports/mvball/2015-16/boxscores/20160115_8gri.xml,"[0.0, -2.5, -6.5, -9.5, -11.5, -13.0, -13.0, -11.0, -10.0, -9.5]"
3,/sports/mvball/2015-16/boxscores/20160115_8gri.xml,"[-1.0, -1.0, -2.5, -3.5, -5.0, -7.5, -8.0, -8.5, -9.0, -10.0]"
1,/sports/mvball/2015-16/boxscores/20160115_f5hz.xml,"[1.0, 0.4, -1.0, -3.6, -4.5, -6.0, -4.0, -2.5, -3.5, -5.0]"
2,/sports/mvball/2015-16/boxscores/20160115_f5hz.xml,"[-2.0, -3.0, -3.0, -3.5, -4.0, -6.0, -9.0, -9.333333333333334, -11.0, -12.0]"
3,/sports/mvball/2015-16/boxscores/20160115_f5hz.xml,"[-0.6, 1.2, 4.2, 3.2, 3.8, 4.0, 3.8, 1.2, 2.2, 0.0]"
1,/sports/mvball/2015-16/boxscores/20160119_9zpk.xml,"[-0.5, -4.0, -5.5, -6.0, -8.0, -9.5, -8.666666666666666, -10.333333333333334, -12.0, -13.666666666666666]"
2,/sports/mvball/2015-16/boxscores/20160119_9zpk.xml,"[-2.2, -1.2, -2.0, -4.5, -5.5, -7.0, -6.5, -6.5, -7.5, -7.5]"
3,/sports/mvball/2015-16/boxscores/20160119_9zpk.xml,"[0.2, 2.0, 1.4, 0.5, -2.0, -2.5, -1.5, -3.0, -4.5, -6.5]"
1,/sports/mvball/2015-16/boxscores/20160129_v8mc.xml,"[-2.6, -3.2, -5.5, -4.5, -4.0, -6.5, -7.0, -8.5, -8.5, -7.0]"
2,/sports/mvball/2015-16/boxscores/20160129_v8mc.xml,"[0.0, 1.0, -1.0, -2.5, -3.0, -4.5, -8.5, -12.5, -11.5, -10.0]"
3,/sports/mvball/2015-16/boxscores/20160129_v8mc.xml,"[-3.0, -4.5, -4.5, -5.5, -5.5, -6.5, -7.0, -7.0, -7.5, -8.5]"
1,/sports/mvball/2015-16/boxscores/20160129_iq3h.xml,"[2.2, 2.0, -1.0, -1.0, -1.5, -3.0, -5.5, -5.0, -6.5, -6.0]"
2,/sports/mvball/2015-16/boxscores/20160129_iq3h.xml,"[0.6, -1.6, -3.4, -3.5, -3.5, -4.5, -5.0, -6.0, -5.5, -6.5]"
3,/sports/mvball/2015-16/boxscores/20160129_iq3h.xml,"[1.4, -0.8, -0.2, 0.8, -0.2, -1.5, -3.0, -2.0, -2.0, -4.5]"
1,/sports/mvball/2015-16/boxscores/20160130_3ri5.xml,"[-1.0, -3.0, -4.5, -2.5, -3.5, -4.5, -8.5, -11.0, -11.333333333333334, -11.666666666666666]"
2,/sports/mvball/2015-16/boxscores/20160130_3ri5.xml,"[1.4, -1.6, -1.4, -3.2, -3.0, -3.0, -3.0, -3.0, -5.0, -5.5]"
3,/sports/mvball/2015-16/boxscores/20160130_3ri5.xml,"[-0.2, -2.0, -1.0, 1.0, 0.0, -1.5, -2.5, -5.5, -6.5, -6.5]"
1,/sports/mvball/2015-16/boxscores/20160130_evhx.xml,"[-2.6, -3.2, -2.6, -0.4, -1.4, -1.6, -2.2, -2.5, -1.0, 0.5]"
2,/sports/mvball/2015-16/boxscores/20160130_evhx.xml,"[0.2, 0.0, -0.5, 0.5, -0.5, -1.5, -2.0, -4.0, -5.5, -4.5]"
3,/sports/mvball/2015-16/boxscores/20160130_evhx.xml,"[-1.5, -2.0, -2.0, -4.5, -6.5, -8.666666666666666, -9.0, -9.333333333333334, -10.333333333333334, -12.0]"
4,/sports/mvball/2015-16/boxscores/20160130_evhx.xml,"[0.0, -1.5, -2.5, -4.0, -4.5, -5.0, -7.0, -8.0, -10.5, -10.0]"
1,/sports/mvball/2015-16/boxscores/20160204_2aaf.xml,"[-1.5, -3.0, -3.5, -4.5, -8.0, -10.5, -11.5, -12.666666666666666, -11.666666666666666, -12.0]"
2,/sports/mvball/2015-16/boxscores/20160204_2aaf.xml,"[-2.0, -4.0, -4.0, -6.0, -6.5, -10.5, -12.0, -10.0, -9.5, -9.0]"
3,/sports/mvball/2015-16/boxscores/20160204_2aaf.xml,"[-1.5, -2.0, -1.0, -2.0, -1.5, -1.5, -1.5, -4.5, -7.0, -8.5]"
1,/sports/mvball/2015-16/boxscores/20160205_3k3a.xml,"[-0.6, 0.0, -2.6, -2.8, -4.6, -6.8, -5.4, -2.5, -1.0, -2.0]"
2,/sports/mvball/2015-16/boxscores/20160205_3k3a.xml,"[-1.5, -3.0, -6.5, -10.5, -12.5, -14.0, -15.0, -16.0, -14.333333333333334, -14.666666666666666]"
3,/sports/mvball/2015-16/boxscores/20160205_3k3a.xml,"[-1.0, 0.0, -1.0, -1.2, -0.6, 0.8, -1.4, -2.0, -2.6, -1.2]"
1,/sports/mvball/2015-16/boxscores/20160211_ighh.xml,"[-1.0, -1.2, -3.0, -3.2, -3.8, -5.2, -3.5, -4.5, -4.0, -3.5]"
2,/sports/mvball/2015-16/boxscores/20160211_ighh.xml,"[0.0, -2.0, -2.5, -4.5, -5.0, -8.0, -8.0, -8.666666666666666, -9.0, -12.0]"
3,/sports/mvball/2015-16/boxscores/20160211_ighh.xml,"[-2.2, -2.0, -2.6, -5.6, -3.8, -4.0, -5.0, -3.5, -2.5, -3.0]"
1,/sports/mvball/2015-16/boxscores/20160219_tqr7.xml,"[-2.2, -2.0, -1.8, 0.4, -2.0, -4.0, -3.0, -0.5, -1.5, -2.5]"
2,/sports/mvball/2015-16/boxscores/20160219_tqr7.xml,"[-0.2, 1.2, 2.6, 3.6, 3.0, 4.8, 1.4, 0.8, -0.5, -1.5]"
3,/sports/mvball/2015-16/boxscores/20160219_tqr7.xml,"[-2.0, -4.0, -6.0, -7.5, -10.5, -14.0, -15.666666666666666, -14.666666666666666, -15.666666666666666, -14.666666666666666]"
1,/sports/mvball/2015-16/boxscores/20160220_ajfs.xml,"[-1.4, -2.8, -3.4, -0.8, -1.0, -2.0, -2.0, -2.0, -2.5, -3.0]"
2,/sports/mvball/2015-16/boxscores/20160220_ajfs.xml,"[-0.6, -0.4, -1.8, -1.5, 0.0, -1.5, -4.0, -3.5, -2.5, -5.5]"
3,/sports/mvball/2015-16/boxscores/20160220_ajfs.xml,"[3.0, 2.4, 1.8, -0.4, 0.2, 0.4, -1.4, -2.4, -3.4, -2.8]"
1,/sports/mvball/2015-16/boxscores/20160223_hptk.xml,"[0.6, -1.2, -1.8, -2.8, -1.4, -2.0, -2.5, -2.0, -0.5, 0.0]"
2,/sports/mvball/2015-16/boxscores/20160223_hptk.xml,"[-0.2, -2.0, -1.0, 0.8, -0.2, -2.4, -1.8, -1.5, -1.5, -1.0]"
3,/sports/mvball/2015-16/boxscores/20160223_hptk.xml,"[-1.0, 0.8, 1.0, 1.2, 2.2, 0.4, -1.4, -1.2, -1.4, 0.8]"
4,/sports/mvball/2015-16/boxscores/20160223_hptk.xml,"[-1.0, -3.0, -5.0, -6.5, -7.0, -6.0, -7.5, -9.0, -10.666666666666666, -9.666666666666666]"
1,/sports/mvball/2015-16/boxscores/20160226_jn8r.xml,"[2.5, 5.0, 8.0, 6.0, 4.5, 1.0, 1.5, 2.0, 1.0, -0.5]"
2,/sports/mvball/2015-16/boxscores/20160226_jn8r.xml,"[1.4, 2.0, 1.0, 1.6, 3.4, 5.6, 5.0, 4.4, 1.4, -0.8]"
3,/sports/mvball/2015-16/boxscores/20160226_jn8r.xml,"[-1.4, -3.2, -0.6, -3.0, -2.75, -6.5, -9.5, -8.5, -8.0, -9.0]"
4,/sports/mvball/2015-16/boxscores/20160226_jn8r.xml,"[-2.6, -3.6, -4.5, -6.5, -10.0, -10.5, -10.0, -11.0, -11.0, -12.5]"
1,/sports/mvball/2015-16/boxscores/20160310_ux46.xml,"[-0.2, -0.4, -1.8, -2.8, -1.8, -2.8, -3.0, -3.5, -3.0, -2.5]"
2,/sports/mvball/2015-16/boxscores/20160310_ux46.xml,"[-0.2, -0.4, 1.0, 0.0, 0.0, -1.5, -4.0, -5.5, -5.0, -5.5]"
3,/sports/mvball/2015-16/boxscores/20160310_ux46.xml,"[-2.0, -3.5, -3.0, -4.5, -5.5, -6.5, -8.5, -10.0, -11.0, -12.666666666666666]"
1,/sports/mvball/2015-16/boxscores/20160312_ntbd.xml,"[-1.4, -2.4, -5.0, -5.5, -6.5, -7.5, -7.5, -8.5, -8.0, -7.0]"
2,/sports/mvball/2015-16/boxscores/20160312_ntbd.xml,"[0.0, 0.5, 1.0, 0.5, -0.5, 0.0, -2.5, -6.0, -6.0, -8.5]"
3,/sports/mvball/2015-16/boxscores/20160312_ntbd.xml,"[-1.4, -2.8, -5.0, -3.2, 0.2, 2.5, 0.5, -2.5, -4.0, -4.5]"
1,/sports/mvball/2015-16/boxscores/20160316_ydio.xml,"[-1.5, -3.5, -2.0, -1.0, 0.5, -2.5, -6.5, -8.0, -9.0, -9.0]"
2,/sports/mvball/2015-16/boxscores/20160316_ydio.xml,"[1.4, 2.8, 2.2, 2.0, 1.0, -1.0, -2.5, -5.0, -5.0, -5.5]"
3,/sports/mvball/2015-16/boxscores/20160316_ydio.xml,"[-2.6, -3.2, -3.5, -6.0, -6.5, -6.5, -7.5, -9.0, -7.5, -7.0]"
1,/sports/mvball/2015-16/boxscores/20160319_2ay0.xml,"[-0.2, 0.0, -1.5, -0.5, -0.5, 2.5, 2.5, 3.5, 2.5, 1.5]"
2,/sports/mvball/2015-16/boxscores/20160319_2ay0.xml,"[-1.0, 1.5, 1.0, -2.0, -2.5, -6.5, -8.5, -11.0, -13.333333333333334, -11.666666666666666]"
3,/sports/mvball/2015-16/boxscores/20160319_2ay0.xml,"[-1.0, -3.5, -3.0, -6.5, -7.5, -10.0, -10.5, -11.0, -10.666666666666666, -9.666666666666666]"
1,/sports/mvball/2015-16/boxscores/20160319_2bq8.xml,"[-1.0, -0.8, -1.0, -1.0, -3.0, -4.0, -4.5, -4.5, -4.0, -5.5]"
2,/sports/mvball/2015-16/boxscores/20160319_2bq8.xml,"[-0.5, -4.0, -5.0, -6.5, -8.5, -10.666666666666666, -12.333333333333334, -12.666666666666666, -12.333333333333334, -14.0]"
3,/sports/mvball/2015-16/boxscores/20160319_2bq8.xml,"[-2.2, -0.8, 1.8, 1.2, -1.0, 1.2, 4.2, 3.6, 2.0, 0.5]"
1,/sports/mvball/2015-16/boxscores/20160323_6shk.xml,"[-1.5, -2.0, -4.5, -5.5, -3.5, -5.5, -6.666666666666667, -8.333333333333334, -10.0, -13.0]"
2,/sports/mvball/2015-16/boxscores/20160323_6shk.xml,"[-0.5, -2.0, -3.5, -3.5, -6.5, -8.666666666666666, -9.666666666666666, -10.0, -12.333333333333334, -14.0]"
3,/sports/mvball/2015-16/boxscores/20160323_6shk.xml,"[-0.6, -1.6, -0.2, -2.4, -4.6, -5.2, -3.5, -1.5, -2.0, -3.5]"
1,/sports/mvball/2015-16/boxscores/20160325_3wiv.xml,"[0.0, -2.5, -3.5, -4.0, -4.5, -6.5, -10.5, -11.0, -13.0, -10.666666666666666]"
2,/sports/mvball/2015-16/boxscores/20160325_3wiv.xml,"[0.16666666666666666, 0.5, 1.1666666666666667, -0.16666666666666666, 1.4, 0.8, -1.4, 0.8, 1.0, -0.8]"
3,/sports/mvball/2015-16/boxscores/20160325_3wiv.xml,"[1.8, 1.5, -0.5, -3.5, -5.0, -5.0, -3.0, -5.0, -6.0, -8.0]"
1,/sports/mvball/2015-16/boxscores/20160401_kw52.xml,"[1.8, 4.8, 1.8, 2.8, 3.8, 4.0, 1.0, 1.2, 2.5, 1.5]"
2,/sports/mvball/2015-16/boxscores/20160401_kw52.xml,"[0.2, -1.2, -1.0, -1.6, -3.8, -1.0, -2.0, -1.0, 1.5, 4.0]"
3,/sports/mvball/2015-16/boxscores/20160401_kw52.xml,"[-0.2, -0.8, -1.4, -2.8, -4.2, -4.4, -3.0, -1.2, -1.0, -1.0]"
4,/sports/mvball/2015-16/boxscores/20160401_kw52.xml,"[1.8, 1.2, 3.4, 3.5, 2.0, 3.0, 4.5, 3.0, 3.5, 6.5]"
1,/sports/wvball/2017-18/boxscores/20170902_xgjg.xml,"[0.0, 0.0, 2.5, 5.0, 7.0, 9.0, 9.333333333333334, 9.0, 10.666666666666666, 13.0]"
2,/sports/wvball/2017-18/boxscores/20170902_xgjg.xml,"[2.6, 3.6, 4.2, 6.8, 4.6, 0.8, -0.2, -0.5, 1.5, 3.0]"
3,/sports/wvball/2017-18/boxscores/20170902_xgjg.xml,"[0.2, 0.4, 1.0, 1.2, 2.2, 4.8, 4.2, 4.8, 1.0, -0.4]"
4,/sports/wvball/2017-18/boxscores/20170902_xgjg.xml,"[0.6, -1.2, -1.4, -3.6, -5.0, -5.5, -6.0, -5.0, -4.0, -5.0]"
5,/sports/wvball/2017-18/boxscores/20170902_xgjg.xml,"[1.3333333333333333, 1.0, 0.6666666666666666, 3.0, 2.0, 0.3333333333333333, -2.0, -3.5, -1.5, -2.5]"
1,/sports/wvball/2017-18/boxscores/20170902_qysv.xml,"[-1.0, -0.4, -1.8, -1.6, 0.2, -0.8, 0.0, 0.0, 2.0, 2.5]"
2,/sports/wvball/2017-18/boxscores/20170902_qysv.xml,"[0.2, -2.0, -1.4, 0.0, -2.0, -3.0, -1.5, 0.0, -3.5, -6.5]"
3,/sports/wvball/2017-18/boxscores/20170902_qysv.xml,"[-2.2, -2.8, -1.4, 0.4, -0.5, 1.5, 2.0, 1.0, -1.5, -3.0]"
4,/sports/wvball/2017-18/boxscores/20170902_qysv.xml,"[-2.1666666666666665, -0.5, -0.2, -2.0, -4.6, -3.6, -4.6, -4.0, -1.4, -0.4]"
1,/sports/wvball/2017-18/boxscores/20170903_487o.xml,"[-0.2, -0.4, -3.0, -5.6, -5.0, -4.5, -1.5, -1.5, 1.5, 4.0]"
2,/sports/wvball/2017-18/boxscores/20170903_487o.xml,"[-3.0, -2.0, 3.0, 5.2, 5.4, 4.0, 2.2, 3.0, 2.5, 3.0]"
3,/sports/wvball/2017-18/boxscores/20170903_487o.xml,"[-0.6, 0.4, 2.2, 3.6, 4.2, 4.8, 3.4, 2.8, -0.6, 0.0]"
1,/sports/wvball/2017-18/boxscores/20170908_658g.xml,"[2.2, 2.4, 1.8, 2.8, 4.5, 1.5, 0.0, 1.0, 3.5, 5.5]"
2,/sports/wvball/2017-18/boxscores/20170908_658g.xml,"[2.6, 2.4, 3.4, 3.6, 5.4, 8.8, 5.8, 5.0, 5.0, 3.0]"
3,/sports/wvball/2017-18/boxscores/20170908_658g.xml,"[-0.6, 2.4, 0.2, 0.4, 2.2, 3.2, 2.6, -0.5, -1.0, 0.5]"
1,/sports/wvball/2017-18/boxscores/20170908_jfo6.xml,"[-0.2, 0.4, 1.8, 2.0, 4.5, 6.0, 4.5, 4.0, 4.0, 5.5]"
2,/sports/wvball/2017-18/boxscores/20170908_jfo6.xml,"[1.0, 3.0, 4.0, 4.5, 4.5, 5.5, 6.0, 7.0, 7.0, 8.5]"
3,/sports/wvball/2017-18/boxscores/20170908_jfo6.xml,"[1.0, -0.4, 1.8, 1.2, 2.6, 0.4, 1.0, 1.2, 1.0, -1.5]"
4,/sports/wvball/2017-18/boxscores/20170908_jfo6.xml,"[2.6, 3.6, 1.0, 0.8, 4.2, 4.0, 3.0, 1.5, 3.0, 3.5]"
1,/sports/wvball/2017-18/boxscores/20170909_9cz7.xml,"[0.2, -0.4, -0.2, -0.4, 0.2, -0.4, -0.2, -1.2, -2.5, -2.0]"
2,/sports/wvball/2017-18/boxscores/20170909_9cz7.xml,"[1.4, 3.6, 5.8, 4.4, 3.4, 1.5, 1.0, 0.0, 1.5, 4.0]"
3,/sports/wvball/2017-18/boxscores/20170909_9cz7.xml,"[-1.8, -2.8, -5.0, -5.6, -4.5, -4.0, -1.5, -1.0, -4.5, -5.5]"
4,/sports/wvball/2017-18/boxscores/20170909_9cz7.xml,"[-0.6, 1.6, -0.6, -0.4, -1.4, -4.0, -3.0, -1.6, -0.6, 0.4]"
5,/sports/wvball/2017-18/boxscores/20170909_9cz7.xml,"[-2.0, -4.333333333333333, -2.0, -1.6666666666666667, -0.6666666666666666, -0.3333333333333333, -1.3333333333333333, -1.0, -1.3333333333333333, -1.0]"
1,/sports/wvball/2017-18/boxscores/20170909_uh5e.xml,"[1.5, 2.5, 6.5, 9.5, 9.0, 9.0, 8.0, 8.0, 9.333333333333334, 11.0]"
2,/sports/wvball/2017-18/boxscores/20170909_uh5e.xml,"[0.6, 2.0, 3.8, 6.4, 4.0, 3.5, 3.0, 4.5, 5.5, 5.0]"
3,/sports/wvball/2017-18/boxscores/20170909_uh5e.xml,"[2.0, 4.0, 4.5, 7.0, 6.0, 5.0, 5.5, 8.5, 9.333333333333334, 11.0]"
1,/sports/wvball/2017-18/boxscores/20170912_3zue.xml,"[-1.0, -4.0, -7.8, -5.5, -6.5, -7.5, -6.5, -6.0, -8.5, -7.0]"
2,/sports/wvball/2017-18/boxscores/20170912_3zue.xml,"[-1.0, -2.0, -1.0, -0.8, -1.8, -2.4, -2.6, 0.0, -0.5, -2.5]"
3,/sports/wvball/2017-18/boxscores/20170912_3zue.xml,"[1.0, 1.0, 3.0, 5.5, 5.5, 5.0, 7.0, 8.5, 8.5, 9.0]"
4,/sports/wvball/2017-18/boxscores/20170912_3zue.xml,"[-3.0, -3.2, -0.2, 0.4, 0.6, 0.4, 1.4, -1.0, -3.0, -3.0]"
1,/sports/wvball/2017-18/boxscores/20170916_xoun.xml,"[0.6, 0.8, 0.6, -1.5, -5.0, -6.0, -6.5, -7.5, -7.25, -7.0]"
2,/sports/wvball/2017-18/boxscores/20170916_xoun.xml,"[-0.2, -1.2, -1.4, 0.8, 1.4, 1.6, 2.2, 2.4, 2.0, 1.0]"
3,/sports/wvball/2017-18/boxscores/20170916_xoun.xml,"[-1.8, -0.4, -2.2, 0.0, 1.8, 2.0, 0.0, -0.5, 0.5, 3.5]"
4,/sports/wvball/2017-18/boxscores/20170916_xoun.xml,"[-1.0, 2.0, 0.5, 2.5, 6.5, 8.5, 10.5, 12.666666666666666, 11.666666666666666, 12.0]"
1,/sports/wvball/tournament/boxscores/20170916_xoun.xml,"[0.6, 0.8, 0.6, -1.5, -5.0, -6.0, -6.5, -7.5, -7.25, -7.0]"
2,/sports/wvball/tournament/boxscores/20170916_xoun.xml,"[-0.2, -1.2, -1.4, 0.8, 1.4, 1.6, 2.2, 2.4, 2.0, 1.0]"
3,/sports/wvball/tournament/boxscores/20170916_xoun.xml,"[-1.8, -0.4, -2.2, 0.0, 1.8, 2.0, 0.0, -0.5, 0.5, 3.5]"
4,/sports/wvball/tournament/boxscores/20170916_xoun.xml,"[-1.0, 2.0, 0.5, 2.5, 6.5, 8.5, 10.5, 12.666666666666666, 11.666666666666666, 12.0]"
1,/sports/wvball/2017-18/boxscores/20170921_pgt8.xml,"[-0.6, -2.4, -3.0, -1.0, -2.0, -0.5, 3.5, 3.5, 4.5, 6.0]"
2,/sports/wvball/2017-18/boxscores/20170921_pgt8.xml,"[1.0, 0.5, 3.5, 3.0, 2.0, 2.5, 6.0, 9.0, 12.0, 13.0]"
3,/sports/wvball/2017-18/boxscores/20170921_pgt8.xml,"[0.6, 1.6, 3.8, 2.4, 6.0, 7.0, 7.0, 5.0, 4.0, 5.0]"
1,/sports/wvball/2017-18/boxscores/20170926_u9mi.xml,"[-1.0, -0.5, -2.0, -0.5, 0.0, -2.5, -3.0, -4.5, -4.0, -7.5]"
2,/sports/wvball/2017-18/boxscores/20170926_u9mi.xml,"[1.8, 4.8, 4.2, 6.8, 7.8, 7.2, 6.5, 4.0, 3.5, 3.5]"
3,/sports/wvball/2017-18/boxscores/20170926_u9mi.xml,"[2.6, 2.4, 1.8, 3.6, 5.0, 5.5, 7.0, 5.5, 3.0, 4.5]"
4,/sports/wvball/2017-18/boxscores/20170926_u9mi.xml,"[3.0, 3.5, 3.5, 4.0, 7.0, 7.5, 8.0, 7.0, 7.5, 8.5]"
1,/sports/wvball/2017-18/boxscores/20170929_88f0.xml,"[-0.2, -2.0, -0.2, 0.0, 0.6, 1.5, 1.5, 0.0, -1.5, -3.5]"
2,/sports/wvball/2017-18/boxscores/20170929_88f0.xml,"[0.6, -0.5, -2.0, 1.0, -1.0, 1.5, 4.0, 6.5, 7.5, 8.5]"
3,/sports/wvball/2017-18/boxscores/20170929_88f0.xml,"[2.0, 3.0, 3.0, 6.5, 8.0, 9.0, 10.0, 11.0, 13.333333333333334, 15.0]"
4,/sports/wvball/2017-18/boxscores/20170929_88f0.xml,"[-1.5, -3.0, 0.5, 4.5, 8.5, 9.0, 9.0, 10.666666666666666, 11.0, 12.0]"
1,/sports/wvball/2017-18/boxscores/20170929_l9lv.xml,"[1.0, 0.0, -1.0, -0.4, -2.2, -2.8, -2.2, -1.0, -3.0, -2.0]"
2,/sports/wvball/2017-18/boxscores/20170929_l9lv.xml,"[1.4, 3.2, 1.0, -1.0, -2.0, -5.0, -5.0, -4.5, -6.5, -7.0]"
3,/sports/wvball/2017-18/boxscores/20170929_l9lv.xml,"[1.0, 2.5, 2.0, -0.5, -2.5, -3.5, -6.0, -5.5, -6.5, -9.0]"
1,/sports/wvball/2017-18/boxscores/20170930_h3ij.xml,"[-0.5, -1.0, -1.0, -2.5, -6.5, -8.0, -7.5, -6.5, -7.0, -8.5]"
2,/sports/wvball/2017-18/boxscores/20170930_h3ij.xml,"[1.0, -2.0, -4.0, -5.0, -4.0, -4.5, -7.5, -10.0, -8.5, -8.0]"
3,/sports/wvball/2017-18/boxscores/20170930_h3ij.xml,"[-2.0, -1.5, 1.0, -1.5, -3.0, -4.5, -4.0, -6.0, -8.0, -11.0]"
1,/sports/wvball/2017-18/boxscores/20170930_0cj1.xml,"[-1.0, -2.5, -4.0, -6.5, -10.5, -12.5, -13.5, -13.333333333333334, -13.0, -12.666666666666666]"
2,/sports/wvball/2017-18/boxscores/20170930_0cj1.xml,"[1.0, 2.0, 1.0, -2.0, -5.5, -5.0, -4.0, -5.0, -6.5, -6.0]"
3,/sports/wvball/2017-18/boxscores/20170930_0cj1.xml,"[0.0, -2.5, -3.5, -6.5, -8.5, -7.0, -10.5, -12.5, -10.0, -10.0]"
1,/sports/wvball/2017-18/boxscores/20171003_0w5g.xml,"[-2.6, -2.8, -1.0, -0.5, -1.0, -3.5, -4.5, -8.0, -10.0, -8.0]"
2,/sports/wvball/2017-18/boxscores/20171003_0w5g.xml,"[-1.8, -5.0, -4.0, -2.5, -3.5, -6.5, -9.0, -7.5, -7.0, -8.5]"
3,/sports/wvball/2017-18/boxscores/20171003_0w5g.xml,"[1.0, 0.4, 2.6, 2.4, 4.2, 2.4, 1.4, 0.0, 2.0, 3.0]"
4,/sports/wvball/2017-18/boxscores/20171003_0w5g.xml,"[0.5, 0.0, -2.0, -3.5, -6.5, -7.0, -5.5, -5.5, -7.0, -10.0]"
1,/sports/wvball/2017-18/boxscores/20171007_lw5s.xml,"[-2.2, -1.2, -0.2, -2.0, -3.4, -4.4, -8.0, -5.5, -1.5, 2.5]"
2,/sports/wvball/2017-18/boxscores/20171007_lw5s.xml,"[0.6, 2.4, 2.6, 4.4, 3.2, 1.4, 1.2, 3.0, 2.0, 0.5]"
3,/sports/wvball/2017-18/boxscores/20171007_lw5s.xml,"[0.6, 0.8, -0.6, -1.2, -1.4, 0.0, 2.6, 2.5, 2.0, 2.0]"
4,/sports/wvball/2017-18/boxscores/20171007_lw5s.xml,"[1.4, 0.4, 0.5, 1.5, 0.0, 0.5, 2.5, 4.5, 7.5, 8.0]"
1,/sports/wvball/2017-18/boxscores/20171010_g3wc.xml,"[-1.8, -1.6, -3.4, -4.8, -4.2, -2.8, -5.4, -4.0, -2.0, -2.0]"
2,/sports/wvball/2017-18/boxscores/20171010_g3wc.xml,"[-2.6, -5.2, -3.8, -4.4, -6.6, -7.6, -4.5, -3.0, -4.5, -4.0]"
3,/sports/wvball/2017-18/boxscores/20171010_g3wc.xml,"[1.8, 6.0, 5.8, 4.5, 4.5, 3.5, 5.5, 9.0, 7.5, 6.5]"
4,/sports/wvball/2017-18/boxscores/20171010_g3wc.xml,"[0.6, -0.4, -1.0, -0.4, -2.2, -3.5, -5.0, -4.0, -5.0, -4.5]"
1,/sports/wvball/2017-18/boxscores/20171013_bhsz.xml,"[2.5, 5.0, 8.5, 9.5, 9.5, 11.0, 11.0, 11.5, 10.666666666666666, 11.666666666666666]"
2,/sports/wvball/2017-18/boxscores/20171013_bhsz.xml,"[2.5, 5.0, 4.0, 5.0, 6.0, 7.0, 8.5, 10.0, 10.333333333333334, 12.0]"
3,/sports/wvball/2017-18/boxscores/20171013_bhsz.xml,"[-1.8, 2.0, 4.2, 4.0, 3.5, 3.0, 1.5, 2.5, 4.0, 6.0]"
1,/sports/wvball/2017-18/boxscores/20171014_skgx.xml,"[3.0, 4.4, 1.4, 0.8, 5.0, 7.0, 9.5, 10.0, 8.5, 7.0]"
2,/sports/wvball/2017-18/boxscores/20171014_skgx.xml,"[2.5, 3.5, 5.0, 5.5, 5.5, 6.5, 9.0, 10.5, 13.333333333333334, 13.666666666666666]"
3,/sports/wvball/2017-18/boxscores/20171014_skgx.xml,"[0.2, 0.4, 0.2, 2.0, 1.8, 0.8, 0.6, -1.5, 0.0, 2.5]"
1,/sports/wvball/2017-18/boxscores/20171020_kthh.xml,"[-2.5, -5.0, -5.0, -4.5, -6.0, -7.666666666666667, -8.0, -11.0, -14.0, -15.0]"
2,/sports/wvball/2017-18/boxscores/20171020_kthh.xml,"[-1.0, -1.5, -3.5, -3.5, -3.5, -3.0, -6.0, -8.0, -7.0, -10.0]"
3,/sports/wvball/2017-18/boxscores/20171020_kthh.xml,"[-0.2, 1.6, 2.6, 3.6, 2.2, 1.2, 1.4, 3.0, 2.5, 2.0]"
4,/sports/wvball/2017-18/boxscores/20171020_kthh.xml,"[-0.5, 0.0, -2.0, -2.0, -1.0, -1.0, 0.0, -2.5, -4.5, -8.5]"
1,/sports/wvball/tournament/boxscores/20171020_kthh.xml,"[-2.5, -5.0, -5.0, -4.5, -6.0, -7.666666666666667, -8.0, -11.0, -14.0, -15.0]"
2,/sports/wvball/tournament/boxscores/20171020_kthh.xml,"[-1.0, -1.5, -3.5, -3.5, -3.5, -3.0, -6.0, -8.0, -7.0, -10.0]"
3,/sports/wvball/tournament/boxscores/20171020_kthh.xml,"[-0.2, 1.6, 2.6, 3.6, 2.2, 1.2, 1.4, 3.0, 2.5, 2.0]"
4,/sports/wvball/tournament/boxscores/20171020_kthh.xml,"[-0.5, 0.0, -2.0, -2.0, -1.0, -1.0, 0.0, -2.5, -4.5, -8.5]"
1,/sports/wvball/2017-18/boxscores/20171021_ewx1.xml,"[-2.0, 0.5, 2.5, 3.0, 1.5, 4.5, 6.0, 9.0, 12.0, 13.666666666666666]"
2,/sports/wvball/2017-18/boxscores/20171021_ewx1.xml,"[1.0, 3.0, 6.5, 9.0, 9.5, 8.5, 10.0, 11.0, 13.333333333333334, 13.666666666666666]"
3,/sports/wvball/2017-18/boxscores/20171021_ewx1.xml,"[1.5, 3.5, 4.5, 5.0, 4.5, 4.0, 4.5, 8.5, 11.0, 10.0]"
1,/sports/wvball/2017-18/boxscores/20171021_fqhq.xml,"[0.0, 3.0, 6.0, 9.0, 12.0, 15.0, 18.0, 19.5, 20.5, 22.5]"
2,/sports/wvball/2017-18/boxscores/20171021_fqhq.xml,"[1.0, 4.5, 4.5, 5.0, 3.5, 6.0, 8.0, 10.333333333333334, 12.0, 13.0]"
3,/sports/wvball/2017-18/boxscores/20171021_fqhq.xml,"[1.3333333333333333, 3.0, 6.0, 9.0, 12.0, 13.0, 14.0, 17.0, 18.666666666666668, 18.5]"
1,/sports/wvball/2017-18/boxscores/20171024_qbah.xml,"[0.2, -0.4, -1.0, -0.8, 1.0, -0.5, -1.0, -2.5, -5.5, -6.0]"
2,/sports/wvball/2017-18/boxscores/20171024_qbah.xml,"[-1.0, -0.5, -0.5, -0.5, -0.5, -3.5, -6.0, -5.0, -6.5, -9.0]"
3,/sports/wvball/2017-18/boxscores/20171024_qbah.xml,"[-0.5, -4.5, -6.5, -7.0, -8.5, -9.0, -9.5, -11.5, -11.333333333333334, -11.666666666666666]"
1,/sports/wvball/2017-18/boxscores/20171028_1znv.xml,"[-0.2, 1.2, -0.6, 2.4, 1.8, 1.6, -0.5, -0.5, 1.0, 2.5]"
2,/sports/wvball/2017-18/boxscores/20171028_1znv.xml,"[0.2, -2.0, -0.6, 0.4, 0.2, 0.4, -1.4, 0.0, 2.0, 2.0]"
3,/sports/wvball/2017-18/boxscores/20171028_1znv.xml,"[-0.6, 2.0, 2.6, 2.0, 5.0, 5.2, 5.4, 2.5, 1.5, 3.0]"
1,/sports/wvball/2017-18/boxscores/20171031_cmdr.xml,"[1.0, 1.0, 2.5, 5.5, 5.5, 6.0, 7.0, 7.0, 7.5, 9.5]"
2,/sports/wvball/2017-18/boxscores/20171031_cmdr.xml,"[0.2, -2.8, -2.2, -1.2, 0.2, 2.0, 2.6, 2.0, 0.6, 0.4]"
3,/sports/wvball/2017-18/boxscores/20171031_cmdr.xml,"[-1.8, 0.4, 0.6, 3.2, 6.2, 4.0, 3.4, 4.5, 4.5, 2.5]"
1,/sports/wvball/2017-18/boxscores/20171109_b6kt.xml,"[0.2, -0.4, -1.8, -4.0, -4.2, -4.0, -5.5, -6.0, -3.0, -4.5]"
2,/sports/wvball/2017-18/boxscores/20171109_b6kt.xml,"[-0.6, -0.4, -1.8, -0.8, -1.8, -1.5, -1.0, -2.5, -3.0, -3.5]"
1,/sports/wvball/2017-18/boxscores/20171109_eavr.xml,"[0.2, -0.4, 3.0, 6.5, 7.5, 11.0, 10.5, 8.0, 5.5, 5.5]"
2,/sports/wvball/2017-18/boxscores/20171109_eavr.xml,"[2.2, 4.0, 2.0, 3.5, 5.5, 6.0, 3.5, 4.0, 6.5, 7.5]"
1,/sports/wvball/2017-18/boxscores/20171110_fyfo.xml,"[-1.0, -3.6, -3.5, -5.0, -7.0, -7.0, -8.5, -9.5, -9.5, -8.0]"
2,/sports/wvball/2017-18/boxscores/20171110_fyfo.xml,"[-1.4, -2.0, 0.0, 1.5, 3.5, 5.0, 6.0, 6.5, 8.0, 8.5]"
3,/sports/wvball/2017-18/boxscores/20171110_fyfo.xml,"[0.5, 1.5, 1.0, 1.0, -1.0, -2.5, 0.0, 0.3333333333333333, 0.6666666666666666, 1.0]"
1,/sports/wvball/2017-18/boxscores/20171110_byol.xml,"[-0.6, 0.0, 0.5, 2.0, 3.0, 4.5, 5.0, 5.0, 6.5, 7.5]"
2,/sports/wvball/2017-18/boxscores/20171110_byol.xml,"[1.4, 1.6, 1.4, 2.8, 3.8, 2.0, 3.0, 2.0, 3.0, 3.5]"
1,/sports/wvball/2017-18/boxscores/20171110_fmaz.xml,"[0.5, 4.0, 5.5, 8.5, 10.0, 9.0, 8.0, 8.5, 8.5, 9.5]"
2,/sports/wvball/2017-18/boxscores/20171110_fmaz.xml,"[2.5, 3.5, 3.5, 4.0, 6.0, 7.5, 9.0, 10.5, 13.333333333333334, 11.666666666666666]"
3,/sports/wvball/2017-18/boxscores/20171110_fmaz.xml,"[0.6, 0.5, -2.0, -2.0, -2.0, -0.5, 2.0, 3.5, 6.0, 7.5]"
1,/sports/wvball/2016-17/boxscores/20160909_pf3n.xml,"[1.5, 1.0, 2.0, 2.5, 6.0, 5.0, 6.0, 9.0, 12.0, 15.0]"
2,/sports/wvball/2016-17/boxscores/20160909_pf3n.xml,"[-1.5, 0.0, 1.5, 3.0, 4.5, 5.0, 6.5, 8.0, 9.333333333333334, 11.0]"
3,/sports/wvball/2016-17/boxscores/20160909_pf3n.xml,"[0.5, 4.0, 5.5, 8.5, 8.5, 8.0, 7.0, 9.0, 7.5, 9.5]"
1,/sports/wvball/2016-17/boxscores/20160910_7p4c.xml,"[0.6, -0.8, -3.4, -5.6, -3.4, -6.0, -6.2, -3.0, -3.5, -3.0]"
2,/sports/wvball/2016-17/boxscores/20160910_7p4c.xml,"[1.8, 0.4, -1.0, -4.0, -6.0, -9.0, -8.5, -8.0, -8.0, -7.0]"
3,/sports/wvball/2016-17/boxscores/20160910_7p4c.xml,"[0.2, -0.5, -1.0, 0.0, -1.5, -3.0, -5.5, -8.5, -9.0, -8.0]"
1,/sports/wvball/2016-17/boxscores/20160910_r469.xml,"[-1.0, -3.2, -2.2, -2.0, -0.2, 0.4, 2.5, 2.5, 2.5, 3.5]"
2,/sports/wvball/2016-17/boxscores/20160910_r469.xml,"[-1.0, -2.0, -4.6, -3.2, -4.0, -4.0, -3.5, -3.0, -3.0, -5.5]"
3,/sports/wvball/2016-17/boxscores/20160910_r469.xml,"[-0.6, -1.6, -2.2, -2.8, -2.2, -2.0, 0.2, 1.6, 0.5, -2.0]"
4,/sports/wvball/2016-17/boxscores/20160910_r469.xml,"[0.0, 1.0, 2.5, 4.0, 6.0, 6.0, 8.5, 10.0, 10.0, 11.0]"
1,/sports/wvball/2016-17/boxscores/20160914_vki0.xml,"[-0.2, 0.0, 2.2, 1.6, 1.8, 2.0, 0.6, 2.0, 3.0, 3.0]"
2,/sports/wvball/2016-17/boxscores/20160914_vki0.xml,"[0.2, 0.0, 3.5, 5.0, 4.0, 4.5, 5.0, 4.0, 6.5, 8.5]"
3,/sports/wvball/2016-17/boxscores/20160914_vki0.xml,"[1.0, 2.5, 2.5, 5.0, 5.5, 5.0, 8.5, 7.5, 7.0, 8.5]"
1,/sports/wvball/2016-17/boxscores/20160916_jafu.xml,"[-1.8, -0.4, 1.4, 3.6, 3.8, 4.0, 3.0, 2.5, 0.5, 2.5]"
2,/sports/wvball/2016-17/boxscores/20160916_jafu.xml,"[0.2, 1.2, 1.8, 4.0, 5.5, 5.5, 6.0, 6.0, 7.5, 7.0]"
3,/sports/wvball/2016-17/boxscores/20160916_jafu.xml,"[2.2, 0.4, -1.8, 1.6, 3.0, 4.5, 5.0, 5.0, 5.0, 5.5]"
1,/sports/wvball/2016-17/boxscores/20160917_hvqw.xml,"[-2.6, -2.0, -1.8, 1.2, 1.4, 3.0, 5.5, 6.5, 5.5, 4.5]"
2,/sports/wvball/2016-17/boxscores/20160917_hvqw.xml,"[1.0, 3.0, 6.0, 8.5, 12.0, 12.5, 12.0, 10.5, 12.0, 10.666666666666666]"
3,/sports/wvball/2016-17/boxscores/20160917_hvqw.xml,"[1.0, 2.5, 4.666666666666667, 5.0, 7.333333333333333, 9.0, 12.0, 13.0, 14.0, 15.0]"
1,/sports/wvball/2016-17/boxscores/20160917_ax4b.xml,"[-0.6, -0.8, -1.0, 1.6, 2.2, 0.8, -0.6, -1.5, -3.0, -2.5]"
2,/sports/wvball/2016-17/boxscores/20160917_ax4b.xml,"[-1.8, -4.0, -3.0, -2.0, 0.0, 0.5, -1.5, -3.5, -4.5, -5.5]"
3,/sports/wvball/2016-17/boxscores/20160917_ax4b.xml,"[-1.4, -4.0, -3.4, -4.0, -4.0, -2.0, -3.5, -5.5, -8.0, -7.0]"
1,/sports/wvball/2016-17/boxscores/20160923_tfxl.xml,"[0.6, -2.8, -5.0, -6.4, -5.5, -3.0, -5.0, -6.0, -5.5, -6.0]"
2,/sports/wvball/2016-17/boxscores/20160923_tfxl.xml,"[2.5, 6.5, 8.0, 8.666666666666666, 11.0, 14.0, 15.0, 14.666666666666666, 15.0, 16.666666666666668]"
3,/sports/wvball/2016-17/boxscores/20160923_tfxl.xml,"[2.5, 4.0, 6.5, 7.5, 5.5, 5.5, 8.0, 9.0, 10.0, 11.666666666666666]"
4,/sports/wvball/2016-17/boxscores/20160923_tfxl.xml,"[-0.6, -1.2, -1.0, -4.0, -4.0, -3.5, -4.0, -4.0, -5.0, -7.0]"
5,/sports/wvball/2016-17/boxscores/20160923_tfxl.xml,"[2.0, 0.0, -2.0, -1.0, 0.6666666666666666, 1.0, 0.6666666666666666, -0.3333333333333333, 0.0, 1.0]"
1,/sports/wvball/2016-17/boxscores/20160924_1xfa.xml,"[1.0, 3.5, 2.5, 3.5, 4.5, 6.5, 8.0, 9.666666666666666, 12.0, 13.666666666666666]"
2,/sports/wvball/2016-17/boxscores/20160924_1xfa.xml,"[0.5, 4.5, 5.0, 3.75, 3.5, 5.0, 5.0, 6.5, 7.0, 10.5]"
3,/sports/wvball/2016-17/boxscores/20160924_1xfa.xml,"[-0.2, -1.2, -2.2, -2.0, -1.0, -1.2, -1.5, -3.0, -5.5, -4.5]"
4,/sports/wvball/2016-17/boxscores/20160924_1xfa.xml,"[0.0, 1.0, 0.5, 2.5, 4.5, 4.5, 6.0, 5.0, 6.0, 5.666666666666667]"
1,/sports/wvball/2016-17/boxscores/20160924_moac.xml,"[1.0, 2.0, 3.0, 6.5, 7.5, 7.5, 7.5, 7.5, 8.5, 7.5]"
2,/sports/wvball/2016-17/boxscores/20160924_moac.xml,"[0.0, 1.0, 1.5, 1.5, 1.5, 2.0, 2.5, 5.5, 8.5, 8.0]"
3,/sports/wvball/2016-17/boxscores/20160924_moac.xml,"[0.6, 0.5, 0.5, 2.5, 1.5, 1.0, 1.5, 0.0, 1.0, 1.0]"
1,/sports/wvball/2016-17/boxscores/20160930_583a.xml,"[3.0, 4.4, 3.0, 5.2, 4.2, 5.6, 3.0, 1.2, 1.0, 1.0]"
2,/sports/wvball/2016-17/boxscores/20160930_583a.xml,"[0.5, 3.5, 3.0, -0.5, -2.0, -2.0, -4.5, -7.333333333333333, -8.333333333333334, -8.666666666666666]"
3,/sports/wvball/2016-17/boxscores/20160930_583a.xml,"[-1.4, 0.0, -1.5, -2.0, -1.0, -1.0, -0.5, -3.5, -7.5, -9.0]"
4,/sports/wvball/2016-17/boxscores/20160930_583a.xml,"[-2.6, -4.0, -3.4, -3.2, -3.0, -0.4, -0.6, 0.0, 1.0, -0.5]"
1,/sports/wvball/2016-17/boxscores/20160930_wfmu.xml,"[1.4, -0.4, 1.4, 2.4, 3.0, 2.5, 3.0, 3.5, 4.0, 5.0]"
2,/sports/wvball/2016-17/boxscores/20160930_wfmu.xml,"[-2.2, -4.0, -2.5, -2.5, -3.5, -5.5, -4.0, -3.5, -5.0, -7.0]"
3,/sports/wvball/2016-17/boxscores/20160930_wfmu.xml,"[-0.5, 1.0, 0.0, 1.0, -1.0, -2.5, -6.5, -10.5, -10.5, -10.0]"
4,/sports/wvball/2016-17/boxscores/20160930_wfmu.xml,"[-2.2, -2.8, -5.8, -6.0, -5.0, -6.8, -5.0, -6.0, -4.0, -2.5]"
1,/sports/wvball/2016-17/boxscores/20161001_tqhf.xml,"[1.4, 3.0, 2.5, 1.5, 1.0, 1.5, 4.0, 6.5, 6.0, 7.5]"
2,/sports/wvball/2016-17/boxscores/20161001_tqhf.xml,"[1.5, 2.0, 2.0, 4.5, 6.666666666666667, 9.0, 10.666666666666666, 11.0, 13.333333333333334, 15.0]"
3,/sports/wvball/2016-17/boxscores/20161001_tqhf.xml,"[1.8, 4.4, 5.4, 2.5, 3.5, 7.5, 7.5, 5.0, 6.0, 6.5]"
1,/sports/wvball/2016-17/boxscores/20161001_fi6b.xml,"[1.5, -2.1666666666666665, -1.8, -1.2, -1.0, 0.4, 4.2, 4.8, 3.0, 0.8]"
2,/sports/wvball/2016-17/boxscores/20161001_fi6b.xml,"[-2.6, -0.8, 2.6, 0.4, -1.4, -4.0, -7.8, -7.5, -5.5, -3.0]"
3,/sports/wvball/2016-17/boxscores/20161001_fi6b.xml,"[2.2, 4.4, 3.5, 4.5, 3.5, 3.0, 2.0, 3.5, 5.0, 7.0]"
4,/sports/wvball/2016-17/boxscores/20161001_fi6b.xml,"[2.6, 3.6, 5.5, 7.5, 8.0, 10.0, 9.0, 7.0, 6.0, 7.0]"
1,/sports/wvball/2016-17/boxscores/20161007_5nhl.xml,"[-0.6, -0.4, 1.0, 4.0, 3.4, 0.4, 1.0, 0.5, 2.0, 3.0]"
2,/sports/wvball/2016-17/boxscores/20161007_5nhl.xml,"[2.2, 2.8, 1.4, 1.2, 2.5, 5.0, 5.5, 5.0, 3.5, 4.5]"
3,/sports/wvball/2016-17/boxscores/20161007_5nhl.xml,"[0.2, -2.8, -4.2, -3.6, -3.5, -2.0, -1.5, -3.5, -3.0, -5.5]"
4,/sports/wvball/2016-17/boxscores/20161007_5nhl.xml,"[2.6, 3.6, 1.0, -2.0, -3.0, -4.0, -3.5, -4.0, -4.5, -5.5]"
5,/sports/wvball/2016-17/boxscores/20161007_5nhl.xml,"[1.3333333333333333, 1.6666666666666667, 2.0, 3.0, 2.0, 1.0, 1.3333333333333333, -0.3333333333333333, -1.5, -1.5]"
1,/sports/wvball/2016-17/boxscores/20161007_nyvi.xml,"[-1.0, 0.0, 1.5, 2.5, 1.5, 1.5, 4.5, 8.0, 10.0, 11.0]"
2,/sports/wvball/2016-17/boxscores/20161007_nyvi.xml,"[-1.0, -0.4, -1.4, -5.5, -6.5, -5.0, -3.0, -2.0, -3.5, -5.5]"
3,/sports/wvball/2016-17/boxscores/20161007_nyvi.xml,"[1.0, 1.2, 0.5, 0.5, 2.5, 5.0, 8.0, 7.5, 5.5, 6.5]"
4,/sports/wvball/2016-17/boxscores/20161007_nyvi.xml,"[-2.0, -3.5, -6.5, -5.5, -3.5, -1.0, -4.5, -6.0, -7.5, -9.0]"
5,/sports/wvball/2016-17/boxscores/20161007_nyvi.xml,"[2.5, 4.5, 2.6666666666666665, 1.6666666666666667, 1.3333333333333333, 2.3333333333333335, 0.0, 0.3333333333333333, -0.6666666666666666, -1.0]"
1,/sports/wvball/2016-17/boxscores/20161011_hugk.xml,"[1.4, 2.8, 0.2, 0.0, 0.0, -2.5, -3.0, -6.0, -5.5, -4.5]"
2,/sports/wvball/2016-17/boxscores/20161011_hugk.xml,"[1.5, 2.5, 0.5, -1.0, -1.0, -4.5, -8.0, -6.5, -8.5, -9.5]"
3,/sports/wvball/2016-17/boxscores/20161011_hugk.xml,"[1.8, 2.0, 1.0, -0.8, -0.2, 1.6, 1.0, 1.6, 1.5, 2.0]"
4,/sports/wvball/2016-17/boxscores/20161011_hugk.xml,"[-1.4, -3.2, -4.6, -8.0, -9.5, -9.0, -9.5, -9.5, -7.5, -5.0]"
1,/sports/wvball/2016-17/boxscores/20161022_jm5f.xml,"[2.5, 6.0, 5.666666666666667, 6.0, 6.333333333333333, 8.0, 11.0, 14.0, 17.0, 18.666666666666668]"
2,/sports/wvball/2016-17/boxscores/20161022_jm5f.xml,"[2.0, 5.0, 8.0, 11.0, 12.666666666666666, 13.666666666666666, 14.0, 17.0, 18.0, 20.5]"
3,/sports/wvball/2016-17/boxscores/20161022_jm5f.xml,"[2.5, 5.0, 8.5, 10.0, 9.5, 10.5, 10.0, 10.333333333333334, 12.0, 13.666666666666666]"
1,/sports/wvball/2016-17/boxscores/20161022_8gxm.xml,"[-0.8333333333333334, -2.1666666666666665, -3.1666666666666665, -2.5, -1.8, -1.2, -2.2, -1.2, 0.2, -0.4]"
2,/sports/wvball/2016-17/boxscores/20161022_8gxm.xml,"[1.0, 1.2, 0.6, 1.6, 0.2, 0.4, -0.2, 1.2, -1.5, -2.0]"
3,/sports/wvball/2016-17/boxscores/20161022_8gxm.xml,"[-1.4, -2.4, -4.6, -4.4, -3.0, -4.0, -3.5, -3.0, -3.5, -4.0]"
1,/sports/wvball/2016-17/boxscores/20161025_y4at.xml,"[-1.8, -2.8, -0.6, 0.0, -1.0, -3.0, -5.0, -5.5, -5.0, -4.5]"
2,/sports/wvball/2016-17/boxscores/20161025_y4at.xml,"[0.2, 2.0, 0.2, 1.6, 1.0, 1.6, 2.2, 1.6, 0.5, 1.5]"
3,/sports/wvball/2016-17/boxscores/20161025_y4at.xml,"[1.1666666666666667, -0.5, -3.0, -5.6, -5.8, -3.2, -2.2, -0.8, -1.8, -0.8]"
4,/sports/wvball/2016-17/boxscores/20161025_y4at.xml,"[0.2, 2.8, 3.4, 4.0, 3.8, 1.6, 0.6, 1.2, -0.5, 1.0]"
5,/sports/wvball/2016-17/boxscores/20161025_y4at.xml,"[0.6666666666666666, -0.3333333333333333, 2.0, 4.5, 3.5, 1.5, 1.5, 2.5, 4.5, 6.5]"
1,/sports/wvball/2016-17/boxscores/20161027_nyg7.xml,"[-2.5, -6.0, -5.5, -5.5, -4.666666666666667, -5.666666666666667, -6.0, -9.0, -11.333333333333334, -11.666666666666666]"
2,/sports/wvball/2016-17/boxscores/20161027_nyg7.xml,"[-0.5, 1.0, 0.0, -2.0, -4.5, -6.5, -8.5, -10.0, -11.0, -12.0]"
3,/sports/wvball/2016-17/boxscores/20161027_nyg7.xml,"[2.2, 3.6, 0.2, -2.8, -5.8, -6.0, -5.5, -5.0, -4.5, -5.0]"
1,/sports/wvball/2016-17/boxscores/20161105_z7zt.xml,"[1.4, 1.2, -0.2, -2.0, -0.6, 0.8, 1.0, 3.0, 3.0, 3.5]"
2,/sports/wvball/2016-17/boxscores/20161105_z7zt.xml,"[2.5, 4.5, 6.5, 6.0, 5.5, 6.0, 6.5, 8.0, 10.0, 11.0]"
3,/sports/wvball/2016-17/boxscores/20161105_z7zt.xml,"[-2.5, -3.0, -0.5, 2.5, 3.5, 3.0, 6.5, 7.0, 7.0, 8.5]"
1,/sports/wvball/2016-17/boxscores/20161105_ze28.xml,"[-0.5, -2.0, -3.0, -4.5, -6.666666666666667, -9.0, -12.0, -14.333333333333334, -15.333333333333334, -15.666666666666666]"
2,/sports/wvball/2016-17/boxscores/20161105_ze28.xml,"[0.0, -1.5, -2.5, -1.5, -2.0, -4.0, -4.5, -5.0, -4.5, -8.5]"
3,/sports/wvball/2016-17/boxscores/20161105_ze28.xml,"[-0.6, -0.8, 1.4, 2.0, 2.2, 3.6, 6.6, 8.0, 6.5, 4.5]"
4,/sports/wvball/2016-17/boxscores/20161105_ze28.xml,"[1.0, 5.6, 5.0, 3.6, 3.0, 3.0, 0.0, 1.5, 3.0, 4.5]"
5,/sports/wvball/2016-17/boxscores/20161105_ze28.xml,"[-1.3333333333333333, -3.0, -2.0, -1.0, -0.6666666666666666, -1.0, 0.6666666666666666, 1.5, 0.5, 2.5]"
1,/sports/wvball/2016-17/boxscores/20161110_7dnz.xml,"[-1.0, 0.5, 4.5, 6.5, 10.5, 10.5, 11.0, 10.5, 11.0, 10.666666666666666]"
2,/sports/wvball/2016-17/boxscores/20161110_7dnz.xml,"[0.2, 2.0, 4.6, 7.6, 6.2, 4.8, 1.5, 1.0, 1.0, 3.0]"
1,/sports/wvball/2016-17/boxscores/20161110_2c0u.xml,"[-0.2, -1.2, -1.4, -2.0, -2.2, 0.0, 2.2, 1.6, 2.5, 1.0]"
2,/sports/wvball/2016-17/boxscores/20161110_2c0u.xml,"[-0.5, 1.0, 3.0, 5.0, 8.5, 10.0, 9.666666666666666, 11.333333333333334, 11.666666666666666, 14.0]"
1,/sports/wvball/2016-17/boxscores/20161111_16mk.xml,"[0.6, -1.2, 0.2, 2.0, 0.6, -2.0, -1.5, -3.5, -3.5, -3.0]"
2,/sports/wvball/2016-17/boxscores/20161111_16mk.xml,"[2.6, 4.0, 2.6, -1.6, -3.0, -1.0, -1.5, -4.5, -5.5, -5.5]"
1,/sports/wvball/2016-17/boxscores/20161111_cibb.xml,"[1.5, 3.0, 5.0, 4.5, 4.0, 5.0, 6.0, 8.0, 10.0, 11.0]"
2,/sports/wvball/2016-17/boxscores/20161111_cibb.xml,"[-2.5, -6.5, -9.333333333333334, -11.0, -12.0, -12.333333333333334, -13.333333333333334, -11.666666666666666, -12.666666666666666, -15.0]"
3,/sports/wvball/2016-17/boxscores/20161111_cibb.xml,"[0.0, 3.0, 2.6666666666666665, 4.333333333333333, 4.666666666666667, 3.5, 2.5, 4.5, 5.5, 4.5]"
1,/sports/wvball/2016-17/boxscores/20161111_carh.xml,"[1.5, 2.0, 1.5, 1.0, 2.0, 0.0, 0.5, 2.0, 4.5, 8.5]"
2,/sports/wvball/2016-17/boxscores/20161111_carh.xml,"[-1.0, -1.6, -1.8, 0.0, 0.5, -0.5, -3.0, -3.0, -5.5, -6.5]"
3,/sports/wvball/2016-17/boxscores/20161111_carh.xml,"[0.0, 0.5, -1.0, -2.0, -4.5, -5.5, -6.0, -6.0, -8.5, -8.666666666666666]"
4,/sports/wvball/2016-17/boxscores/20161111_carh.xml,"[-1.8, -5.2, -6.5, -6.0, -6.0, -5.0, -5.0, -4.0, -5.5, -7.5]"
1,/sports/wvball/2015-16/boxscores/20150901_1ser.xml,"[1.0, 0.8, -0.6, -2.0, -0.6, -1.5, -1.0, -0.5, -3.0, -4.5]"
2,/sports/wvball/2015-16/boxscores/20150901_1ser.xml,"[-2.6, -5.0, -6.0, -4.0, -3.0, -3.0, -3.5, -6.5, -7.5, -9.0]"
3,/sports/wvball/2015-16/boxscores/20150901_1ser.xml,"[-0.6, -0.8, -4.2, -3.2, -3.8, -2.5, -2.0, -1.0, -2.5, -4.5]"
1,/sports/wvball/2015-16/boxscores/20150919_lddl.xml,"[-2.0, -2.5, -4.5, -7.0, -7.0, -6.5, -8.0, -9.0, -12.0, -13.0]"
2,/sports/wvball/2015-16/boxscores/20150919_lddl.xml,"[0.0, 0.0, -0.5, -1.0, -1.5, -2.5, -3.0, -4.5, -6.5, -8.666666666666666]"
3,/sports/wvball/2015-16/boxscores/20150919_lddl.xml,"[-2.6, -2.8, 1.0, 2.0, 1.0, -0.5, -1.5, -2.5, -3.0, -4.0]"
1,/sports/wvball/2015-16/boxscores/20150919_zhlj.xml,"[-0.6, -2.4, -3.0, -3.5, -4.0, -5.0, -6.0, -7.0, -7.5, -8.0]"
2,/sports/wvball/2015-16/boxscores/20150919_zhlj.xml,"[0.0, -1.0, -1.5, -4.0, -5.5, -5.0, -6.0, -7.0, -8.0, -11.0]"
3,/sports/wvball/2015-16/boxscores/20150919_zhlj.xml,"[-1.0, -2.5, -5.0, -3.5, -6.0, -9.0, -10.666666666666666, -13.0, -14.0, -15.666666666666666]"
1,/sports/wvball/2015-16/boxscores/20151002_tdae.xml,"[-3.0, -6.4, -7.0, -5.6, -4.0, -5.0, -5.0, -5.5, -5.0, -5.0]"
2,/sports/wvball/2015-16/boxscores/20151002_tdae.xml,"[-2.0, -2.0, -3.0, -0.5, 0.5, -1.0, -2.5, -5.5, -8.5, -10.666666666666666]"
3,/sports/wvball/2015-16/boxscores/20151002_tdae.xml,"[1.0, 1.6, 1.0, 1.6, 1.8, 2.0, 3.0, 3.2, 2.0, -0.5]"
1,/sports/wvball/2015-16/boxscores/20151003_n2fq.xml,"[0.2, 4.0, 7.0, 7.5, 5.5, 4.5, 5.5, 4.5, 5.0, 5.75]"
2,/sports/wvball/2015-16/boxscores/20151003_n2fq.xml,"[-1.0, -0.5, 1.5, 1.0, 1.0, 3.0, 4.0, 5.5, 7.0, 7.5]"
3,/sports/wvball/2015-16/boxscores/20151003_n2fq.xml,"[1.5, 3.0, 6.0, 8.5, 10.0, 9.0, 6.0, 7.0, 9.333333333333334, 11.0]"
1,/sports/wvball/2015-16/boxscores/20151003_51cu.xml,"[1.0, 4.0, 5.0, 7.0, 7.5, 10.5, 10.0, 10.5, 10.0, 9.0]"
2,/sports/wvball/2015-16/boxscores/20151003_51cu.xml,"[1.0, 0.5, 0.5, 0.0, 2.5, 6.5, 10.5, 11.5, 12.0, 11.666666666666666]"
3,/sports/wvball/2015-16/boxscores/20151003_51cu.xml,"[2.0, 0.0, 1.5, 2.0, 2.5, 4.5, 6.5, 6.0, 8.0, 11.0]"
1,/sports/wvball/2015-16/boxscores/20151009_yorf.xml,"[0.0, 0.0, -0.5, 2.5, 6.5, 7.0, 8.0, 8.0, 9.0, 10.0]"
2,/sports/wvball/2015-16/boxscores/20151009_yorf.xml,"[-1.0, -0.5, 0.5, 2.0, 1.5, 2.5, 4.5, 7.5, 8.666666666666666, 11.0]"
3,/sports/wvball/2015-16/boxscores/20151009_yorf.xml,"[0.6, 0.8, 0.6, -0.8, -1.4, -2.8, -1.0, -0.4, -3.0, -2.0]"
4,/sports/wvball/2015-16/boxscores/20151009_yorf.xml,"[-1.0, -4.8, -6.6, -7.5, -10.0, -8.0, -8.5, -6.5, -4.0, -6.0]"
5,/sports/wvball/2015-16/boxscores/20151009_yorf.xml,"[-2.0, -1.6666666666666667, -4.0, -4.333333333333333, -4.0, -3.6666666666666665, -2.0, -0.3333333333333333, 0.0, 1.0]"
1,/sports/wvball/2015-16/boxscores/20151009_14tu.xml,"[1.4, 2.8, 5.0, 4.5, 7.0, 8.0, 7.0, 7.5, 7.5, 8.0]"
2,/sports/wvball/2015-16/boxscores/20151009_14tu.xml,"[1.5, 2.5, 5.0, 5.0, 8.5, 10.666666666666666, 11.666666666666666, 13.333333333333334, 14.333333333333334, 14.666666666666666]"
3,/sports/wvball/2015-16/boxscores/20151009_14tu.xml,"[2.5, 3.5, 3.0, 6.5, 8.0, 7.5, 8.5, 10.0, 9.5, 10.0]"
1,/sports/wvball/2015-16/boxscores/20151010_mvzk.xml,"[-0.2, 0.4, 0.0, -1.0, -2.0, -3.5, -2.5, -4.0, -5.5, -7.0]"
2,/sports/wvball/2015-16/boxscores/20151010_mvzk.xml,"[-2.6, -5.5, -9.5, -9.0, -11.5, -10.5, -9.0, -9.0, -8.5, -8.5]"
3,/sports/wvball/2015-16/boxscores/20151010_mvzk.xml,"[-1.4, -4.8, -5.8, -6.0, -8.6, -8.4, -7.8, -5.0, -4.5, -3.0]"
1,/sports/wvball/2015-16/boxscores/20151017_x517.xml,"[-0.2, 0.0, -2.2, -1.5, -1.5, -1.0, -3.5, -5.0, -6.5, -7.5]"
2,/sports/wvball/2015-16/boxscores/20151017_x517.xml,"[1.8, 3.2, 3.4, 5.2, 5.8, 4.4, 5.8, 4.5, 3.5, 3.0]"
3,/sports/wvball/2015-16/boxscores/20151017_x517.xml,"[-1.5, -3.0, -4.5, -7.0, -8.5, -9.5, -11.0, -13.0, -11.5, -9.0]"
4,/sports/wvball/2015-16/boxscores/20151017_x517.xml,"[-3.0, -5.2, -8.2, -8.0, -7.0, -6.0, -5.0, -3.5, -3.5, -2.5]"
1,/sports/wvball/2015-16/boxscores/20151017_k1br.xml,"[1.0, 2.5, 3.0, 3.0, 6.5, 8.5, 8.5, 8.0, 8.333333333333334, 10.0]"
2,/sports/wvball/2015-16/boxscores/20151017_k1br.xml,"[1.0, -2.0, -5.8, -7.6, -8.6, -4.4, -5.5, -5.0, -2.0, -3.0]"
3,/sports/wvball/2015-16/boxscores/20151017_k1br.xml,"[2.5, 5.5, 4.0, 6.0, 5.0, 5.0, 5.5, 6.0, 6.5, 7.5]"
4,/sports/wvball/2015-16/boxscores/20151017_k1br.xml,"[1.0, 2.5, 6.5, 8.5, 9.5, 10.0, 10.0, 10.333333333333334, 10.666666666666666, 11.0]"
1,/sports/wvball/2015-16/boxscores/20151020_c9kt.xml,"[3.0, 5.2, 6.6, 4.0, 1.4, 3.2, 4.2, 2.4, 2.2, 1.6]"
2,/sports/wvball/2015-16/boxscores/20151020_c9kt.xml,"[0.2, 0.4, -0.2, 1.2, 3.0, 4.4, 4.2, 2.0, 0.5, 1.5]"
3,/sports/wvball/2015-16/boxscores/20151020_c9kt.xml,"[2.0, 3.5, 3.0, 6.5, 8.5, 12.5, 15.0, 15.0, 13.0, 10.666666666666666]"
4,/sports/wvball/2015-16/boxscores/20151020_c9kt.xml,"[0.2, 1.2, -1.8, -1.2, -1.0, 0.0, 0.0, -1.0, 0.5, 2.5]"
1,/sports/wvball/2015-16/boxscores/20151023_xnn7.xml,"[0.6, -1.2, -5.0, -6.4, -3.4, -4.4, -1.4, -1.0, 1.0, 1.5]"
2,/sports/wvball/2015-16/boxscores/20151023_xnn7.xml,"[-0.2, -0.4, -2.6, -3.2, -1.4, -0.8, 0.2, -0.4, -0.5, 0.5]"
3,/sports/wvball/2015-16/boxscores/20151023_xnn7.xml,"[-0.5, -2.5, -3.5, -2.5, -1.0, -1.5, -3.5, -5.5, -5.5, -8.5]"
4,/sports/wvball/2015-16/boxscores/20151023_xnn7.xml,"[1.4, 5.5, 8.0, 9.0, 10.0, 10.0, 8.0, 9.5, 11.5, 9.0]"
1,/sports/wvball/2015-16/boxscores/20151023_jqm2.xml,"[-1.4, -1.2, -0.2, -1.6, -2.6, -4.5, -5.5, -7.5, -6.0, -3.0]"
2,/sports/wvball/2015-16/boxscores/20151023_jqm2.xml,"[1.0, 4.0, 6.2, 4.8, 7.0, 7.5, 8.0, 7.5, 5.5, 5.0]"
3,/sports/wvball/2015-16/boxscores/20151023_jqm2.xml,"[3.0, 4.4, 5.4, 5.2, 5.0, 6.0, 5.5, 4.0, 5.0, 5.5]"
4,/sports/wvball/2015-16/boxscores/20151023_jqm2.xml,"[3.0, 3.6, 2.2, 0.8, 4.6, 7.0, 6.0, 4.0, 3.5, 4.5]"
1,/sports/wvball/2015-16/boxscores/20151027_y46u.xml,"[1.0, 0.0, 0.5, 4.5, 7.5, 8.5, 8.5, 6.5, 7.0, 8.5]"
2,/sports/wvball/2015-16/boxscores/20151027_y46u.xml,"[1.4, 3.6, 2.2, 3.2, 3.4, 2.0, 1.0, 0.8, 1.4, 0.0]"
3,/sports/wvball/2015-16/boxscores/20151027_y46u.xml,"[-0.2, 0.0, 0.2, 0.0, -1.4, -1.2, 1.0, 4.4, 5.0, 2.0]"
4,/sports/wvball/2015-16/boxscores/20151027_y46u.xml,"[-0.6, 0.4, -0.6, -1.6, -3.0, -5.2, -6.6, -6.5, -3.5, -3.5]"
5,/sports/wvball/2015-16/boxscores/20151027_y46u.xml,"[0.0, -0.3333333333333333, 0.6666666666666666, 3.0, 4.0, 3.6666666666666665, 3.3333333333333335, 1.5, 0.5, 2.5]"
1,/sports/wvball/2015-16/boxscores/20151030_88hl.xml,"[-1.0, -1.6, -1.4, 1.2, 4.6, 3.5, 3.5, 3.5, 5.0, 6.5]"
2,/sports/wvball/2015-16/boxscores/20151030_88hl.xml,"[1.0, 2.5, 2.0, 3.5, 5.5, 5.5, 3.0, 4.5, 7.0, 10.0]"
3,/sports/wvball/2015-16/boxscores/20151030_88hl.xml,"[1.0, 2.0, 6.6, 8.0, 7.0, 5.6, 6.6, 7.5, 6.0, 6.5]"
1,/sports/wvball/2015-16/boxscores/20151030_ls60.xml,"[0.5, 0.5, -0.5, -4.0, -3.5, -3.5, -6.5, -9.5, -10.0, -11.0]"
2,/sports/wvball/2015-16/boxscores/20151030_ls60.xml,"[0.5, -2.5, -3.5, -4.0, -4.5, -7.0, -7.0, -8.0, -8.0, -11.0]"
3,/sports/wvball/2015-16/boxscores/20151030_ls60.xml,"[0.6, -0.4, -1.0, -0.8, -0.6, -1.6, -1.4, -2.0, -1.5, -1.5]"
1,/sports/wvball/2015-16/boxscores/20151031_cvpp.xml,"[-1.4, -0.8, -1.8, -2.4, -0.2, -1.6, -0.5, -0.5, 0.5, 3.0]"
2,/sports/wvball/2015-16/boxscores/20151031_cvpp.xml,"[-1.8, -2.0, 0.2, 1.2, 2.6, 5.5, 5.0, 4.0, 4.0, 5.0]"
3,/sports/wvball/2015-16/boxscores/20151031_cvpp.xml,"[-1.4, -3.6, -5.4, -5.0, -3.5, -2.5, -1.0, -0.5, -3.0, -5.5]"
4,/sports/wvball/2015-16/boxscores/20151031_cvpp.xml,"[2.5, 4.5, 7.0, 7.0, 10.0, 11.666666666666666, 12.0, 13.0, 16.0, 15.666666666666666]"
1,/sports/wvball/2015-16/boxscores/20151031_9mn0.xml,"[-2.5, -6.0, -6.0, -7.5, -7.5, -7.5, -8.5, -9.5, -9.5, -9.0]"
2,/sports/wvball/2015-16/boxscores/20151031_9mn0.xml,"[-2.5, -3.5, -1.0, -2.5, -6.5, -8.0, -9.0, -12.0, -13.666666666666666, -14.0]"
3,/sports/wvball/2015-16/boxscores/20151031_9mn0.xml,"[0.2, 0.8, -1.0, -4.0, -5.4, -5.5, -5.5, -7.0, -6.5, -4.5]"
